Instrument Serial Num,Reading #,Date,Time,Method Name,User Factor Name,Test Label,Collimation Status,Latitude,Longitude, Units,Mg Compound,Mg Compound Level,Mg Compound Error,Mg Concentration,Mg Error1s,Mg User Factor Slope,Mg User Factor Offset,Al Compound,Al Compound Level,Al Compound Error,Al Concentration,Al Error1s,Al User Factor Slope,Al User Factor Offset,Si Compound,Si Compound Level,Si Compound Error,Si Concentration,Si Error1s,Si User Factor Slope,Si User Factor Offset,P Compound,P Compound Level,P Compound Error,P Concentration,P Error1s,P User Factor Slope,P User Factor Offset,S Compound,S Compound Level,S Compound Error,S Concentration,S Error1s,S User Factor Slope,S User Factor Offset,Cl Compound,Cl Compound Level,Cl Compound Error,Cl Concentration,Cl Error1s,Cl User Factor Slope,Cl User Factor Offset,Ca Compound,Ca Compound Level,Ca Compound Error,Ca Concentration,Ca Error1s,Ca User Factor Slope,Ca User Factor Offset,Ti Compound,Ti Compound Level,Ti Compound Error,Ti Concentration,Ti Error1s,Ti User Factor Slope,Ti User Factor Offset,V Compound,V Compound Level,V Compound Error,V Concentration,V Error1s,V User Factor Slope,V User Factor Offset,Cr Compound,Cr Compound Level,Cr Compound Error,Cr Concentration,Cr Error1s,Cr User Factor Slope,Cr User Factor Offset,Mn Compound,Mn Compound Level,Mn Compound Error,Mn Concentration,Mn Error1s,Mn User Factor Slope,Mn User Factor Offset,Fe Compound,Fe Compound Level,Fe Compound Error,Fe Concentration,Fe Error1s,Fe User Factor Slope,Fe User Factor Offset,Co Compound,Co Compound Level,Co Compound Error,Co Concentration,Co Error1s,Co User Factor Slope,Co User Factor Offset,Ni Compound,Ni Compound Level,Ni Compound Error,Ni Concentration,Ni Error1s,Ni User Factor Slope,Ni User Factor Offset,Cu Compound,Cu Compound Level,Cu Compound Error,Cu Concentration,Cu Error1s,Cu User Factor Slope,Cu User Factor Offset,Zn Compound,Zn Compound Level,Zn Compound Error,Zn Concentration,Zn Error1s,Zn User Factor Slope,Zn User Factor Offset,As Compound,As Compound Level,As Compound Error,As Concentration,As Error1s,As User Factor Slope,As User Factor Offset,Se Compound,Se Compound Level,Se Compound Error,Se Concentration,Se Error1s,Se User Factor Slope,Se User Factor Offset,Rb Compound,Rb Compound Level,Rb Compound Error,Rb Concentration,Rb Error1s,Rb User Factor Slope,Rb User Factor Offset,Sr Compound,Sr Compound Level,Sr Compound Error,Sr Concentration,Sr Error1s,Sr User Factor Slope,Sr User Factor Offset,Y Compound,Y Compound Level,Y Compound Error,Y Concentration,Y Error1s,Y User Factor Slope,Y User Factor Offset,Zr Compound,Zr Compound Level,Zr Compound Error,Zr Concentration,Zr Error1s,Zr User Factor Slope,Zr User Factor Offset,Nb Compound,Nb Compound Level,Nb Compound Error,Nb Concentration,Nb Error1s,Nb User Factor Slope,Nb User Factor Offset,Mo Compound,Mo Compound Level,Mo Compound Error,Mo Concentration,Mo Error1s,Mo User Factor Slope,Mo User Factor Offset,Ag Compound,Ag Compound Level,Ag Compound Error,Ag Concentration,Ag Error1s,Ag User Factor Slope,Ag User Factor Offset,Cd Compound,Cd Compound Level,Cd Compound Error,Cd Concentration,Cd Error1s,Cd User Factor Slope,Cd User Factor Offset,Sn Compound,Sn Compound Level,Sn Compound Error,Sn Concentration,Sn Error1s,Sn User Factor Slope,Sn User Factor Offset,Sb Compound,Sb Compound Level,Sb Compound Error,Sb Concentration,Sb Error1s,Sb User Factor Slope,Sb User Factor Offset,Ba Compound,Ba Compound Level,Ba Compound Error,Ba Concentration,Ba Error1s,Ba User Factor Slope,Ba User Factor Offset,La Compound,La Compound Level,La Compound Error,La Concentration,La Error1s,La User Factor Slope,La User Factor Offset,Ce Compound,Ce Compound Level,Ce Compound Error,Ce Concentration,Ce Error1s,Ce User Factor Slope,Ce User Factor Offset,Pr Compound,Pr Compound Level,Pr Compound Error,Pr Concentration,Pr Error1s,Pr User Factor Slope,Pr User Factor Offset,Nd Compound,Nd Compound Level,Nd Compound Error,Nd Concentration,Nd Error1s,Nd User Factor Slope,Nd User Factor Offset,W Compound,W Compound Level,W Compound Error,W Concentration,W Error1s,W User Factor Slope,W User Factor Offset,Au Compound,Au Compound Level,Au Compound Error,Au Concentration,Au Error1s,Au User Factor Slope,Au User Factor Offset,Hg Compound,Hg Compound Level,Hg Compound Error,Hg Concentration,Hg Error1s,Hg User Factor Slope,Hg User Factor Offset,Pb Compound,Pb Compound Level,Pb Compound Error,Pb Concentration,Pb Error1s,Pb User Factor Slope,Pb User Factor Offset,Bi Compound,Bi Compound Level,Bi Compound Error,Bi Concentration,Bi Error1s,Bi User Factor Slope,Bi User Factor Offset,Th Compound,Th Compound Level,Th Compound Error,Th Concentration,Th Error1s,Th User Factor Slope,Th User Factor Offset,U Compound,U Compound Level,U Compound Error,U Concentration,U Error1s,U User Factor Slope,U User Factor Offset,LE Compound,LE Compound Level,LE Compound Error,LE Concentration,LE Error1s,LE User Factor Slope,LE User Factor Offset,info,Real Time 1,Real Time 2,Real Time 3,
820926,1,2024-04-22,10:32:50,Geochem(3-Beam),,1,No,,,PPM,,,,<LOD,73561,1.00000,0.00000,,,,14515,1129,1.00000,0.00000,,,,106382,991,1.00000,0.00000,,,,4555,136,1.00000,0.00000,,,,2573,102,1.00000,0.00000,,,,1503,124,1.00000,0.00000,,,,26103,231,1.00000,0.00000,,,,3864,321,1.00000,0.00000,,,,<LOD,400,1.00000,0.00000,,,,370,63,1.00000,0.00000,,,,1344,71,1.00000,0.00000,,,,30968,341,1.00000,0.00000,,,,<LOD,329,1.00000,0.00000,,,,49,13,1.00000,0.00000,,,,951,31,1.00000,0.00000,,,,571,21,1.00000,0.00000,,,,33,6,1.00000,0.00000,,,,<LOD,9,1.00000,0.00000,,,,37,3,1.00000,0.00000,,,,111,4,1.00000,0.00000,,,,27,3,1.00000,0.00000,,,,126,5,1.00000,0.00000,,,,27,4,1.00000,0.00000,,,,26,4,1.00000,0.00000,,,,<LOD,0,1.00000,0.00000,,,,<LOD,88,1.00000,0.00000,,,,<LOD,97,1.00000,0.00000,,,,<LOD,126,1.00000,0.00000,,,,<LOD,6167,1.00000,0.00000,,,,<LOD,11346,1.00000,0.00000,,,,<LOD,12055,1.00000,0.00000,,,,<LOD,17715,1.00000,0.00000,,,,<LOD,36350,1.00000,0.00000,,,,<LOD,108,1.00000,0.00000,,,,<LOD,25,1.00000,0.00000,,,,<LOD,54,1.00000,0.00000,,,,67,7,1.00000,0.00000,,,,<LOD,106,1.00000,0.00000,,,,87,11,1.00000,0.00000,,,,15,5,1.00000,0.00000,,,,805696,1397,1.00000,0.00000,B_B3_W,10,20,20,
820926,2,2024-04-22,10:45:24,Geochem(3-Beam),,2,No,,,PPM,,,,<LOD,100285,1.00000,0.00000,,,,9083,1785,1.00000,0.00000,,,,69899,1060,1.00000,0.00000,,,,7247,221,1.00000,0.00000,,,,3044,156,1.00000,0.00000,,,,3315,204,1.00000,0.00000,,,,34123,405,1.00000,0.00000,,,,7594,531,1.00000,0.00000,,,,<LOD,598,1.00000,0.00000,,,,811,105,1.00000,0.00000,,,,5259,176,1.00000,0.00000,,,,19584,336,1.00000,0.00000,,,,<LOD,331,1.00000,0.00000,,,,102,21,1.00000,0.00000,,,,4331,93,1.00000,0.00000,,,,686,31,1.00000,0.00000,,,,41,9,1.00000,0.00000,,,,<LOD,13,1.00000,0.00000,,,,16,3,1.00000,0.00000,,,,66,4,1.00000,0.00000,,,,20,4,1.00000,0.00000,,,,62,5,1.00000,0.00000,,,,28,5,1.00000,0.00000,,,,36,6,1.00000,0.00000,,,,9,2,1.00000,0.00000,,,,<LOD,116,1.00000,0.00000,,,,<LOD,125,1.00000,0.00000,,,,<LOD,169,1.00000,0.00000,,,,<LOD,7691,1.00000,0.00000,,,,<LOD,14021,1.00000,0.00000,,,,<LOD,14816,1.00000,0.00000,,,,<LOD,21737,1.00000,0.00000,,,,<LOD,46129,1.00000,0.00000,,,,<LOD,167,1.00000,0.00000,,,,<LOD,38,1.00000,0.00000,,,,<LOD,74,1.00000,0.00000,,,,102,10,1.00000,0.00000,,,,<LOD,145,1.00000,0.00000,,,,86,14,1.00000,0.00000,,,,20,7,1.00000,0.00000,,,,834436,1951,1.00000,0.00000,B_B2_W,10,20,20,
820926,3,2024-04-22,10:53:06,Geochem(3-Beam),,3,No,,,PPM,,,,<LOD,105806,1.00000,0.00000,,,,3858,1061,1.00000,0.00000,,,,40207,545,1.00000,0.00000,,,,3817,117,1.00000,0.00000,,,,2330,88,1.00000,0.00000,,,,2011,109,1.00000,0.00000,,,,25982,214,1.00000,0.00000,,,,1806,233,1.00000,0.00000,,,,<LOD,291,1.00000,0.00000,,,,<LOD,240,1.00000,0.00000,,,,958,55,1.00000,0.00000,,,,14404,186,1.00000,0.00000,,,,<LOD,206,1.00000,0.00000,,,,40,10,1.00000,0.00000,,,,1455,33,1.00000,0.00000,,,,434,16,1.00000,0.00000,,,,20,4,1.00000,0.00000,,,,<LOD,7,1.00000,0.00000,,,,17,2,1.00000,0.00000,,,,73,3,1.00000,0.00000,,,,19,2,1.00000,0.00000,,,,54,3,1.00000,0.00000,,,,21,3,1.00000,0.00000,,,,19,3,1.00000,0.00000,,,,<LOD,0,1.00000,0.00000,,,,<LOD,81,1.00000,0.00000,,,,<LOD,89,1.00000,0.00000,,,,<LOD,118,1.00000,0.00000,,,,<LOD,5100,1.00000,0.00000,,,,<LOD,9596,1.00000,0.00000,,,,<LOD,10329,1.00000,0.00000,,,,<LOD,15223,1.00000,0.00000,,,,<LOD,31190,1.00000,0.00000,,,,<LOD,96,1.00000,0.00000,,,,<LOD,23,1.00000,0.00000,,,,<LOD,46,1.00000,0.00000,,,,47,5,1.00000,0.00000,,,,<LOD,97,1.00000,0.00000,,,,83,9,1.00000,0.00000,,,,24,4,1.00000,0.00000,,,,902321,1158,1.00000,0.00000,B_C1_W,10,20,20,
820926,4,2024-04-22,11:00:59,Geochem(3-Beam),,4,No,,,PPM,,,,<LOD,111595,1.00000,0.00000,,,,12025,2141,1.00000,0.00000,,,,136179,1898,1.00000,0.00000,,,,8916,308,1.00000,0.00000,,,,4924,226,1.00000,0.00000,,,,3943,285,1.00000,0.00000,,,,47155,647,1.00000,0.00000,,,,11775,801,1.00000,0.00000,,,,<LOD,983,1.00000,0.00000,,,,839,142,1.00000,0.00000,,,,941,110,1.00000,0.00000,,,,33896,606,1.00000,0.00000,,,,<LOD,512,1.00000,0.00000,,,,<LOD,116,1.00000,0.00000,,,,1642,67,1.00000,0.00000,,,,484,33,1.00000,0.00000,,,,<LOD,41,1.00000,0.00000,,,,<LOD,20,1.00000,0.00000,,,,31,5,1.00000,0.00000,,,,102,6,1.00000,0.00000,,,,24,5,1.00000,0.00000,,,,119,8,1.00000,0.00000,,,,32,7,1.00000,0.00000,,,,<LOD,35,1.00000,0.00000,,,,<LOD,0,1.00000,0.00000,,,,<LOD,149,1.00000,0.00000,,,,<LOD,165,1.00000,0.00000,,,,<LOD,216,1.00000,0.00000,,,,<LOD,9487,1.00000,0.00000,,,,<LOD,16654,1.00000,0.00000,,,,<LOD,18306,1.00000,0.00000,,,,<LOD,27179,1.00000,0.00000,,,,<LOD,57295,1.00000,0.00000,,,,<LOD,242,1.00000,0.00000,,,,<LOD,62,1.00000,0.00000,,,,<LOD,114,1.00000,0.00000,,,,58,12,1.00000,0.00000,,,,<LOD,182,1.00000,0.00000,,,,65,19,1.00000,0.00000,,,,<LOD,62,1.00000,0.00000,,,,736853,2616,1.00000,0.00000,B_A1_W,10,20,20,
820926,5,2024-04-22,11:10:04,Geochem(3-Beam),,5,No,,,PPM,,,,<LOD,123511,1.00000,0.00000,,,,6930,1805,1.00000,0.00000,,,,53214,917,1.00000,0.00000,,,,6428,212,1.00000,0.00000,,,,3419,157,1.00000,0.00000,,,,2709,198,1.00000,0.00000,,,,37637,444,1.00000,0.00000,,,,11770,613,1.00000,0.00000,,,,<LOD,733,1.00000,0.00000,,,,493,97,1.00000,0.00000,,,,1179,92,1.00000,0.00000,,,,18991,332,1.00000,0.00000,,,,<LOD,327,1.00000,0.00000,,,,55,18,1.00000,0.00000,,,,2493,67,1.00000,0.00000,,,,430,25,1.00000,0.00000,,,,<LOD,39,1.00000,0.00000,,,,<LOD,12,1.00000,0.00000,,,,22,3,1.00000,0.00000,,,,71,4,1.00000,0.00000,,,,28,4,1.00000,0.00000,,,,71,5,1.00000,0.00000,,,,21,5,1.00000,0.00000,,,,<LOD,28,1.00000,0.00000,,,,<LOD,0,1.00000,0.00000,,,,<LOD,119,1.00000,0.00000,,,,<LOD,129,1.00000,0.00000,,,,<LOD,172,1.00000,0.00000,,,,<LOD,7352,1.00000,0.00000,,,,<LOD,13611,1.00000,0.00000,,,,<LOD,13474,1.00000,0.00000,,,,<LOD,19628,1.00000,0.00000,,,,<LOD,41912,1.00000,0.00000,,,,<LOD,163,1.00000,0.00000,,,,<LOD,43,1.00000,0.00000,,,,<LOD,83,1.00000,0.00000,,,,79,9,1.00000,0.00000,,,,<LOD,147,1.00000,0.00000,,,,85,14,1.00000,0.00000,,,,31,7,1.00000,0.00000,,,,853844,1949,1.00000,0.00000,B_A3_W,10,20,20,
820926,6,2024-04-22,11:20:01,Geochem(3-Beam),,6,No,,,PPM,,,,<LOD,141082,1.00000,0.00000,,,,<LOD,17028,1.00000,0.00000,,,,90725,2164,1.00000,0.00000,,,,13035,519,1.00000,0.00000,,,,8203,392,1.00000,0.00000,,,,7157,486,1.00000,0.00000,,,,112828,2072,1.00000,0.00000,,,,11438,1277,1.00000,0.00000,,,,<LOD,1417,1.00000,0.00000,,,,<LOD,786,1.00000,0.00000,,,,3632,279,1.00000,0.00000,,,,16669,557,1.00000,0.00000,,,,<LOD,541,1.00000,0.00000,,,,179,52,1.00000,0.00000,,,,5725,201,1.00000,0.00000,,,,1013,69,1.00000,0.00000,,,,<LOD,86,1.00000,0.00000,,,,<LOD,38,1.00000,0.00000,,,,22,7,1.00000,0.00000,,,,83,9,1.00000,0.00000,,,,<LOD,41,1.00000,0.00000,,,,88,12,1.00000,0.00000,,,,<LOD,53,1.00000,0.00000,,,,<LOD,59,1.00000,0.00000,,,,<LOD,0,1.00000,0.00000,,,,<LOD,244,1.00000,0.00000,,,,<LOD,260,1.00000,0.00000,,,,<LOD,342,1.00000,0.00000,,,,<LOD,13253,1.00000,0.00000,,,,<LOD,22942,1.00000,0.00000,,,,<LOD,24392,1.00000,0.00000,,,,<LOD,37157,1.00000,0.00000,,,,<LOD,81012,1.00000,0.00000,,,,<LOD,460,1.00000,0.00000,,,,<LOD,105,1.00000,0.00000,,,,<LOD,222,1.00000,0.00000,,,,108,22,1.00000,0.00000,,,,<LOD,325,1.00000,0.00000,,,,125,32,1.00000,0.00000,,,,<LOD,111,1.00000,0.00000,,,,728969,3023,1.00000,0.00000,B_C1_C,10,20,20,
820926,7,2024-04-22,11:24:09,Geochem(3-Beam),,7,No,,,PPM,,,,<LOD,177883,1.00000,0.00000,,,,<LOD,21371,1.00000,0.00000,,,,46568,1093,1.00000,0.00000,,,,9106,322,1.00000,0.00000,,,,3515,224,1.00000,0.00000,,,,2699,295,1.00000,0.00000,,,,42536,636,1.00000,0.00000,,,,13513,829,1.00000,0.00000,,,,<LOD,940,1.00000,0.00000,,,,989,151,1.00000,0.00000,,,,1069,118,1.00000,0.00000,,,,16824,391,1.00000,0.00000,,,,<LOD,405,1.00000,0.00000,,,,<LOD,121,1.00000,0.00000,,,,3588,105,1.00000,0.00000,,,,470,34,1.00000,0.00000,,,,39,10,1.00000,0.00000,,,,<LOD,20,1.00000,0.00000,,,,13,4,1.00000,0.00000,,,,54,5,1.00000,0.00000,,,,25,5,1.00000,0.00000,,,,40,6,1.00000,0.00000,,,,<LOD,32,1.00000,0.00000,,,,<LOD,36,1.00000,0.00000,,,,<LOD,0,1.00000,0.00000,,,,<LOD,158,1.00000,0.00000,,,,<LOD,169,1.00000,0.00000,,,,<LOD,230,1.00000,0.00000,,,,<LOD,11244,1.00000,0.00000,,,,<LOD,19687,1.00000,0.00000,,,,<LOD,21464,1.00000,0.00000,,,,<LOD,32746,1.00000,0.00000,,,,<LOD,66753,1.00000,0.00000,,,,<LOD,249,1.00000,0.00000,,,,<LOD,62,1.00000,0.00000,,,,<LOD,127,1.00000,0.00000,,,,35,11,1.00000,0.00000,,,,<LOD,197,1.00000,0.00000,,,,84,19,1.00000,0.00000,,,,29,10,1.00000,0.00000,,,,858804,1495,1.00000,0.00000,A_A3_W,10,20,20,
820926,8,2024-04-22,11:30:47,Geochem(3-Beam),,8,No,,,PPM,,,,<LOD,36538,1.00000,0.00000,,,,51462,1008,1.00000,0.00000,,,,205695,1176,1.00000,0.00000,,,,3965,110,1.00000,0.00000,,,,1218,75,1.00000,0.00000,,,,<LOD,1221,1.00000,0.00000,,,,14646,117,1.00000,0.00000,,,,7230,353,1.00000,0.00000,,,,<LOD,387,1.00000,0.00000,,,,<LOD,209,1.00000,0.00000,,,,715,48,1.00000,0.00000,,,,35781,309,1.00000,0.00000,,,,<LOD,296,1.00000,0.00000,,,,46,11,1.00000,0.00000,,,,176,13,1.00000,0.00000,,,,123,9,1.00000,0.00000,,,,32,5,1.00000,0.00000,,,,<LOD,8,1.00000,0.00000,,,,118,4,1.00000,0.00000,,,,212,4,1.00000,0.00000,,,,39,3,1.00000,0.00000,,,,620,8,1.00000,0.00000,,,,38,3,1.00000,0.00000,,,,<LOD,18,1.00000,0.00000,,,,<LOD,0,1.00000,0.00000,,,,<LOD,76,1.00000,0.00000,,,,<LOD,87,1.00000,0.00000,,,,<LOD,116,1.00000,0.00000,,,,66,15,1.00000,0.00000,,,,<LOD,8092,1.00000,0.00000,,,,<LOD,8774,1.00000,0.00000,,,,<LOD,13044,1.00000,0.00000,,,,<LOD,27464,1.00000,0.00000,,,,<LOD,80,1.00000,0.00000,,,,<LOD,22,1.00000,0.00000,,,,<LOD,42,1.00000,0.00000,,,,72,6,1.00000,0.00000,,,,<LOD,90,1.00000,0.00000,,,,77,9,1.00000,0.00000,,,,<LOD,27,1.00000,0.00000,,,,677668,1377,1.00000,0.00000,D_A1_C,10,20,20,
820926,9,2024-04-22,11:34:24,Geochem(3-Beam),,9,No,,,PPM,,,,<LOD,38686,1.00000,0.00000,,,,39520,859,1.00000,0.00000,,,,165386,933,1.00000,0.00000,,,,3046,87,1.00000,0.00000,,,,949,61,1.00000,0.00000,,,,<LOD,1293,1.00000,0.00000,,,,11674,88,1.00000,0.00000,,,,6198,290,1.00000,0.00000,,,,<LOD,305,1.00000,0.00000,,,,<LOD,168,1.00000,0.00000,,,,530,38,1.00000,0.00000,,,,25896,221,1.00000,0.00000,,,,<LOD,226,1.00000,0.00000,,,,26,8,1.00000,0.00000,,,,128,10,1.00000,0.00000,,,,93,7,1.00000,0.00000,,,,17,4,1.00000,0.00000,,,,<LOD,6,1.00000,0.00000,,,,91,3,1.00000,0.00000,,,,176,3,1.00000,0.00000,,,,34,2,1.00000,0.00000,,,,505,6,1.00000,0.00000,,,,27,3,1.00000,0.00000,,,,<LOD,16,1.00000,0.00000,,,,<LOD,0,1.00000,0.00000,,,,<LOD,72,1.00000,0.00000,,,,<LOD,84,1.00000,0.00000,,,,<LOD,112,1.00000,0.00000,,,,146,17,1.00000,0.00000,,,,<LOD,6666,1.00000,0.00000,,,,<LOD,7086,1.00000,0.00000,,,,<LOD,10501,1.00000,0.00000,,,,<LOD,22297,1.00000,0.00000,,,,<LOD,68,1.00000,0.00000,,,,<LOD,19,1.00000,0.00000,,,,<LOD,36,1.00000,0.00000,,,,56,4,1.00000,0.00000,,,,<LOD,74,1.00000,0.00000,,,,35,7,1.00000,0.00000,,,,<LOD,22,1.00000,0.00000,,,,745467,1145,1.00000,0.00000,D_A2_S,10,20,20,
820926,10,2024-04-22,11:39:42,Geochem(3-Beam),,10,No,,,PPM,,,,<LOD,36652,1.00000,0.00000,,,,61539,1139,1.00000,0.00000,,,,240169,1395,1.00000,0.00000,,,,3840,126,1.00000,0.00000,,,,914,88,1.00000,0.00000,,,,<LOD,1225,1.00000,0.00000,,,,15271,133,1.00000,0.00000,,,,8584,407,1.00000,0.00000,,,,<LOD,449,1.00000,0.00000,,,,<LOD,231,1.00000,0.00000,,,,740,54,1.00000,0.00000,,,,40955,371,1.00000,0.00000,,,,<LOD,344,1.00000,0.00000,,,,50,12,1.00000,0.00000,,,,188,15,1.00000,0.00000,,,,128,11,1.00000,0.00000,,,,34,6,1.00000,0.00000,,,,<LOD,9,1.00000,0.00000,,,,131,4,1.00000,0.00000,,,,231,5,1.00000,0.00000,,,,50,4,1.00000,0.00000,,,,751,10,1.00000,0.00000,,,,38,4,1.00000,0.00000,,,,<LOD,21,1.00000,0.00000,,,,<LOD,0,1.00000,0.00000,,,,<LOD,83,1.00000,0.00000,,,,<LOD,93,1.00000,0.00000,,,,<LOD,124,1.00000,0.00000,,,,71,15,1.00000,0.00000,,,,<LOD,9629,1.00000,0.00000,,,,<LOD,9958,1.00000,0.00000,,,,<LOD,15151,1.00000,0.00000,,,,<LOD,31481,1.00000,0.00000,,,,<LOD,99,1.00000,0.00000,,,,<LOD,27,1.00000,0.00000,,,,<LOD,53,1.00000,0.00000,,,,64,6,1.00000,0.00000,,,,<LOD,100,1.00000,0.00000,,,,76,10,1.00000,0.00000,,,,<LOD,30,1.00000,0.00000,,,,626175,1592,1.00000,0.00000,D_A2_C,10,20,20,
820926,11,2024-04-22,11:46:04,Geochem(3-Beam),,11,No,,,PPM,,,,<LOD,104286,1.00000,0.00000,,,,36876,1875,1.00000,0.00000,,,,135024,1537,1.00000,0.00000,,,,6639,235,1.00000,0.00000,,,,3136,176,1.00000,0.00000,,,,2253,227,1.00000,0.00000,,,,29796,348,1.00000,0.00000,,,,4367,482,1.00000,0.00000,,,,<LOD,507,1.00000,0.00000,,,,286,90,1.00000,0.00000,,,,1062,90,1.00000,0.00000,,,,19750,335,1.00000,0.00000,,,,<LOD,341,1.00000,0.00000,,,,83,20,1.00000,0.00000,,,,3515,81,1.00000,0.00000,,,,484,27,1.00000,0.00000,,,,36,9,1.00000,0.00000,,,,<LOD,15,1.00000,0.00000,,,,21,3,1.00000,0.00000,,,,61,4,1.00000,0.00000,,,,25,4,1.00000,0.00000,,,,66,5,1.00000,0.00000,,,,34,5,1.00000,0.00000,,,,27,6,1.00000,0.00000,,,,8,2,1.00000,0.00000,,,,<LOD,122,1.00000,0.00000,,,,<LOD,133,1.00000,0.00000,,,,<LOD,182,1.00000,0.00000,,,,<LOD,7706,1.00000,0.00000,,,,<LOD,14369,1.00000,0.00000,,,,<LOD,15078,1.00000,0.00000,,,,<LOD,22785,1.00000,0.00000,,,,<LOD,48513,1.00000,0.00000,,,,<LOD,172,1.00000,0.00000,,,,<LOD,45,1.00000,0.00000,,,,<LOD,85,1.00000,0.00000,,,,91,10,1.00000,0.00000,,,,<LOD,149,1.00000,0.00000,,,,79,14,1.00000,0.00000,,,,24,7,1.00000,0.00000,,,,756254,2162,1.00000,0.00000,B_C3_W,10,20,20,
820926,12,2024-04-22,11:54:08,Geochem(3-Beam),,12,No,,,PPM,,,,<LOD,106222,1.00000,0.00000,,,,19733,2482,1.00000,0.00000,,,,167525,2416,1.00000,0.00000,,,,11206,390,1.00000,0.00000,,,,9817,322,1.00000,0.00000,,,,6446,375,1.00000,0.00000,,,,71650,1036,1.00000,0.00000,,,,8578,839,1.00000,0.00000,,,,<LOD,862,1.00000,0.00000,,,,989,176,1.00000,0.00000,,,,843,128,1.00000,0.00000,,,,32968,672,1.00000,0.00000,,,,<LOD,566,1.00000,0.00000,,,,175,39,1.00000,0.00000,,,,1720,79,1.00000,0.00000,,,,451,37,1.00000,0.00000,,,,<LOD,54,1.00000,0.00000,,,,<LOD,22,1.00000,0.00000,,,,22,5,1.00000,0.00000,,,,88,7,1.00000,0.00000,,,,30,6,1.00000,0.00000,,,,102,9,1.00000,0.00000,,,,25,8,1.00000,0.00000,,,,<LOD,43,1.00000,0.00000,,,,<LOD,0,1.00000,0.00000,,,,<LOD,180,1.00000,0.00000,,,,<LOD,194,1.00000,0.00000,,,,<LOD,258,1.00000,0.00000,,,,<LOD,11537,1.00000,0.00000,,,,<LOD,20631,1.00000,0.00000,,,,<LOD,21991,1.00000,0.00000,,,,<LOD,30252,1.00000,0.00000,,,,<LOD,69139,1.00000,0.00000,,,,<LOD,281,1.00000,0.00000,,,,<LOD,71,1.00000,0.00000,,,,<LOD,138,1.00000,0.00000,,,,62,14,1.00000,0.00000,,,,<LOD,225,1.00000,0.00000,,,,76,22,1.00000,0.00000,,,,<LOD,75,1.00000,0.00000,,,,667494,3149,1.00000,0.00000,B_A2_C,10,20,20,
820926,13,2024-04-22,13:11:41,Geochem(3-Beam),,13,No,,,PPM,,,,<LOD,136518,1.00000,0.00000,,,,7234,1876,1.00000,0.00000,,,,57224,967,1.00000,0.00000,,,,6279,217,1.00000,0.00000,,,,3382,164,1.00000,0.00000,,,,1693,203,1.00000,0.00000,,,,38408,455,1.00000,0.00000,,,,4058,438,1.00000,0.00000,,,,<LOD,492,1.00000,0.00000,,,,598,99,1.00000,0.00000,,,,1314,96,1.00000,0.00000,,,,18324,325,1.00000,0.00000,,,,<LOD,329,1.00000,0.00000,,,,<LOD,84,1.00000,0.00000,,,,2864,72,1.00000,0.00000,,,,378,24,1.00000,0.00000,,,,45,9,1.00000,0.00000,,,,<LOD,15,1.00000,0.00000,,,,22,3,1.00000,0.00000,,,,71,4,1.00000,0.00000,,,,24,4,1.00000,0.00000,,,,55,5,1.00000,0.00000,,,,26,5,1.00000,0.00000,,,,20,6,1.00000,0.00000,,,,<LOD,0,1.00000,0.00000,,,,<LOD,123,1.00000,0.00000,,,,<LOD,131,1.00000,0.00000,,,,<LOD,177,1.00000,0.00000,,,,<LOD,8217,1.00000,0.00000,,,,<LOD,15387,1.00000,0.00000,,,,<LOD,15514,1.00000,0.00000,,,,<LOD,24197,1.00000,0.00000,,,,<LOD,49364,1.00000,0.00000,,,,<LOD,169,1.00000,0.00000,,,,<LOD,40,1.00000,0.00000,,,,<LOD,82,1.00000,0.00000,,,,102,10,1.00000,0.00000,,,,<LOD,152,1.00000,0.00000,,,,98,14,1.00000,0.00000,,,,22,7,1.00000,0.00000,,,,857761,1993,1.00000,0.00000,A_A1_W,10,20,20,
820926,14,2024-04-22,13:15:03,Geochem(3-Beam),,14,No,,,PPM,,,,<LOD,108320,1.00000,0.00000,,,,7912,1130,1.00000,0.00000,,,,34788,519,1.00000,0.00000,,,,3594,118,1.00000,0.00000,,,,1587,89,1.00000,0.00000,,,,610,109,1.00000,0.00000,,,,30173,242,1.00000,0.00000,,,,1372,243,1.00000,0.00000,,,,<LOD,249,1.00000,0.00000,,,,<LOD,217,1.00000,0.00000,,,,368,41,1.00000,0.00000,,,,10359,154,1.00000,0.00000,,,,<LOD,172,1.00000,0.00000,,,,<LOD,46,1.00000,0.00000,,,,473,19,1.00000,0.00000,,,,240,12,1.00000,0.00000,,,,<LOD,19,1.00000,0.00000,,,,<LOD,7,1.00000,0.00000,,,,13,2,1.00000,0.00000,,,,60,2,1.00000,0.00000,,,,19,2,1.00000,0.00000,,,,42,3,1.00000,0.00000,,,,23,3,1.00000,0.00000,,,,16,3,1.00000,0.00000,,,,<LOD,0,1.00000,0.00000,,,,<LOD,84,1.00000,0.00000,,,,<LOD,89,1.00000,0.00000,,,,<LOD,120,1.00000,0.00000,,,,<LOD,5198,1.00000,0.00000,,,,<LOD,9655,1.00000,0.00000,,,,<LOD,10169,1.00000,0.00000,,,,<LOD,15236,1.00000,0.00000,,,,<LOD,31503,1.00000,0.00000,,,,<LOD,91,1.00000,0.00000,,,,<LOD,23,1.00000,0.00000,,,,<LOD,43,1.00000,0.00000,,,,30,4,1.00000,0.00000,,,,<LOD,96,1.00000,0.00000,,,,68,9,1.00000,0.00000,,,,20,4,1.00000,0.00000,,,,908233,1211,1.00000,0.00000,A_B1_c,10,20,20,
820926,15,2024-04-22,13:19:28,Geochem(3-Beam),,15,No,,,PPM,,,,<LOD,142300,1.00000,0.00000,,,,7468,1435,1.00000,0.00000,,,,37296,626,1.00000,0.00000,,,,3715,146,1.00000,0.00000,,,,1944,110,1.00000,0.00000,,,,1218,142,1.00000,0.00000,,,,27792,266,1.00000,0.00000,,,,1714,282,1.00000,0.00000,,,,<LOD,338,1.00000,0.00000,,,,362,71,1.00000,0.00000,,,,456,52,1.00000,0.00000,,,,10442,178,1.00000,0.00000,,,,<LOD,200,1.00000,0.00000,,,,<LOD,49,1.00000,0.00000,,,,1023,32,1.00000,0.00000,,,,309,16,1.00000,0.00000,,,,<LOD,25,1.00000,0.00000,,,,<LOD,9,1.00000,0.00000,,,,13,2,1.00000,0.00000,,,,55,3,1.00000,0.00000,,,,19,3,1.00000,0.00000,,,,37,4,1.00000,0.00000,,,,18,3,1.00000,0.00000,,,,25,4,1.00000,0.00000,,,,<LOD,0,1.00000,0.00000,,,,<LOD,97,1.00000,0.00000,,,,<LOD,103,1.00000,0.00000,,,,<LOD,140,1.00000,0.00000,,,,<LOD,6430,1.00000,0.00000,,,,<LOD,12320,1.00000,0.00000,,,,<LOD,12873,1.00000,0.00000,,,,<LOD,18932,1.00000,0.00000,,,,<LOD,39677,1.00000,0.00000,,,,<LOD,124,1.00000,0.00000,,,,<LOD,31,1.00000,0.00000,,,,<LOD,60,1.00000,0.00000,,,,43,6,1.00000,0.00000,,,,<LOD,117,1.00000,0.00000,,,,99,10,1.00000,0.00000,,,,17,5,1.00000,0.00000,,,,905934,1511,1.00000,0.00000,B_C2_S,10,20,20,
820926,16,2024-04-22,13:23:11,Geochem(3-Beam),,16,No,,,PPM,,,,<LOD,108157,1.00000,0.00000,,,,10788,1452,1.00000,0.00000,,,,78234,986,1.00000,0.00000,,,,5470,174,1.00000,0.00000,,,,2586,127,1.00000,0.00000,,,,1477,159,1.00000,0.00000,,,,27532,292,1.00000,0.00000,,,,6172,415,1.00000,0.00000,,,,<LOD,502,1.00000,0.00000,,,,602,83,1.00000,0.00000,,,,1028,75,1.00000,0.00000,,,,29683,392,1.00000,0.00000,,,,<LOD,363,1.00000,0.00000,,,,<LOD,63,1.00000,0.00000,,,,1540,46,1.00000,0.00000,,,,579,25,1.00000,0.00000,,,,<LOD,28,1.00000,0.00000,,,,<LOD,11,1.00000,0.00000,,,,24,3,1.00000,0.00000,,,,68,4,1.00000,0.00000,,,,23,3,1.00000,0.00000,,,,59,5,1.00000,0.00000,,,,36,4,1.00000,0.00000,,,,22,5,1.00000,0.00000,,,,<LOD,0,1.00000,0.00000,,,,<LOD,103,1.00000,0.00000,,,,<LOD,111,1.00000,0.00000,,,,<LOD,145,1.00000,0.00000,,,,<LOD,6973,1.00000,0.00000,,,,<LOD,13189,1.00000,0.00000,,,,<LOD,14016,1.00000,0.00000,,,,<LOD,20016,1.00000,0.00000,,,,<LOD,41211,1.00000,0.00000,,,,<LOD,138,1.00000,0.00000,,,,<LOD,31,1.00000,0.00000,,,,<LOD,62,1.00000,0.00000,,,,63,8,1.00000,0.00000,,,,<LOD,125,1.00000,0.00000,,,,99,13,1.00000,0.00000,,,,<LOD,38,1.00000,0.00000,,,,833912,1654,1.00000,0.00000,A_A2_C,10,20,20,
820926,17,2024-04-22,13:28:00,Geochem(3-Beam),,17,No,,,PPM,,,,<LOD,134725,1.00000,0.00000,,,,6848,1947,1.00000,0.00000,,,,48550,931,1.00000,0.00000,,,,6618,227,1.00000,0.00000,,,,3522,169,1.00000,0.00000,,,,2507,213,1.00000,0.00000,,,,44679,551,1.00000,0.00000,,,,1981,421,1.00000,0.00000,,,,<LOD,499,1.00000,0.00000,,,,475,96,1.00000,0.00000,,,,695,80,1.00000,0.00000,,,,28532,466,1.00000,0.00000,,,,<LOD,427,1.00000,0.00000,,,,<LOD,89,1.00000,0.00000,,,,1047,45,1.00000,0.00000,,,,424,25,1.00000,0.00000,,,,<LOD,33,1.00000,0.00000,,,,<LOD,15,1.00000,0.00000,,,,15,3,1.00000,0.00000,,,,57,4,1.00000,0.00000,,,,29,4,1.00000,0.00000,,,,28,5,1.00000,0.00000,,,,20,5,1.00000,0.00000,,,,<LOD,29,1.00000,0.00000,,,,<LOD,0,1.00000,0.00000,,,,<LOD,123,1.00000,0.00000,,,,<LOD,134,1.00000,0.00000,,,,<LOD,181,1.00000,0.00000,,,,<LOD,8432,1.00000,0.00000,,,,<LOD,15905,1.00000,0.00000,,,,<LOD,17514,1.00000,0.00000,,,,<LOD,25042,1.00000,0.00000,,,,<LOD,52122,1.00000,0.00000,,,,<LOD,175,1.00000,0.00000,,,,<LOD,44,1.00000,0.00000,,,,<LOD,79,1.00000,0.00000,,,,37,8,1.00000,0.00000,,,,<LOD,152,1.00000,0.00000,,,,69,15,1.00000,0.00000,,,,34,8,1.00000,0.00000,,,,853835,2059,1.00000,0.00000,B_C3_C,10,20,20,
820926,18,2024-04-22,13:32:51,Geochem(3-Beam),,18,No,,,PPM,,,,<LOD,154048,1.00000,0.00000,,,,13014,3635,1.00000,0.00000,,,,98028,2272,1.00000,0.00000,,,,15410,562,1.00000,0.00000,,,,8237,400,1.00000,0.00000,,,,10013,528,1.00000,0.00000,,,,99505,1857,1.00000,0.00000,,,,4096,991,1.00000,0.00000,,,,<LOD,1234,1.00000,0.00000,,,,997,237,1.00000,0.00000,,,,1523,198,1.00000,0.00000,,,,22501,668,1.00000,0.00000,,,,<LOD,596,1.00000,0.00000,,,,<LOD,219,1.00000,0.00000,,,,1645,96,1.00000,0.00000,,,,627,54,1.00000,0.00000,,,,<LOD,68,1.00000,0.00000,,,,<LOD,36,1.00000,0.00000,,,,<LOD,33,1.00000,0.00000,,,,65,8,1.00000,0.00000,,,,33,8,1.00000,0.00000,,,,55,10,1.00000,0.00000,,,,<LOD,51,1.00000,0.00000,,,,<LOD,57,1.00000,0.00000,,,,<LOD,0,1.00000,0.00000,,,,<LOD,248,1.00000,0.00000,,,,<LOD,265,1.00000,0.00000,,,,<LOD,348,1.00000,0.00000,,,,<LOD,14873,1.00000,0.00000,,,,<LOD,25776,1.00000,0.00000,,,,<LOD,26830,1.00000,0.00000,,,,<LOD,40974,1.00000,0.00000,,,,<LOD,85434,1.00000,0.00000,,,,279,91,1.00000,0.00000,,,,<LOD,109,1.00000,0.00000,,,,<LOD,246,1.00000,0.00000,,,,<LOD,85,1.00000,0.00000,,,,<LOD,300,1.00000,0.00000,,,,<LOD,137,1.00000,0.00000,,,,49,16,1.00000,0.00000,,,,723923,3997,1.00000,0.00000,B_C2_C,10,20,19.8055,
820926,19,2024-04-22,13:37:02,Geochem(3-Beam),,19,No,,,PPM,,,,<LOD,96774,1.00000,0.00000,,,,16292,2001,1.00000,0.00000,,,,103027,1493,1.00000,0.00000,,,,7756,266,1.00000,0.00000,,,,5325,205,1.00000,0.00000,,,,2306,242,1.00000,0.00000,,,,72018,882,1.00000,0.00000,,,,8156,686,1.00000,0.00000,,,,<LOD,736,1.00000,0.00000,,,,<LOD,524,1.00000,0.00000,,,,970,105,1.00000,0.00000,,,,28956,516,1.00000,0.00000,,,,<LOD,449,1.00000,0.00000,,,,129,28,1.00000,0.00000,,,,1067,51,1.00000,0.00000,,,,592,34,1.00000,0.00000,,,,<LOD,48,1.00000,0.00000,,,,<LOD,19,1.00000,0.00000,,,,34,4,1.00000,0.00000,,,,112,6,1.00000,0.00000,,,,41,5,1.00000,0.00000,,,,178,8,1.00000,0.00000,,,,37,6,1.00000,0.00000,,,,<LOD,34,1.00000,0.00000,,,,<LOD,0,1.00000,0.00000,,,,<LOD,146,1.00000,0.00000,,,,<LOD,156,1.00000,0.00000,,,,<LOD,207,1.00000,0.00000,,,,<LOD,10046,1.00000,0.00000,,,,<LOD,17414,1.00000,0.00000,,,,<LOD,18321,1.00000,0.00000,,,,<LOD,26589,1.00000,0.00000,,,,<LOD,54272,1.00000,0.00000,,,,<LOD,235,1.00000,0.00000,,,,<LOD,57,1.00000,0.00000,,,,<LOD,116,1.00000,0.00000,,,,90,12,1.00000,0.00000,,,,<LOD,182,1.00000,0.00000,,,,109,18,1.00000,0.00000,,,,30,9,1.00000,0.00000,,,,752775,2347,1.00000,0.00000,A_B2_C,10,20,20,
820926,20,2024-04-22,13:40:13,Geochem(3-Beam),,20,No,,,PPM,,,,<LOD,35704,1.00000,0.00000,,,,41789,839,1.00000,0.00000,,,,170260,919,1.00000,0.00000,,,,3131,85,1.00000,0.00000,,,,658,56,1.00000,0.00000,,,,<LOD,1214,1.00000,0.00000,,,,10864,81,1.00000,0.00000,,,,5700,270,1.00000,0.00000,,,,<LOD,287,1.00000,0.00000,,,,<LOD,163,1.00000,0.00000,,,,452,35,1.00000,0.00000,,,,25973,215,1.00000,0.00000,,,,<LOD,221,1.00000,0.00000,,,,30,8,1.00000,0.00000,,,,78,8,1.00000,0.00000,,,,87,7,1.00000,0.00000,,,,16,3,1.00000,0.00000,,,,<LOD,6,1.00000,0.00000,,,,91,3,1.00000,0.00000,,,,179,3,1.00000,0.00000,,,,35,2,1.00000,0.00000,,,,546,6,1.00000,0.00000,,,,20,2,1.00000,0.00000,,,,<LOD,16,1.00000,0.00000,,,,<LOD,0,1.00000,0.00000,,,,<LOD,70,1.00000,0.00000,,,,<LOD,82,1.00000,0.00000,,,,<LOD,111,1.00000,0.00000,,,,110,18,1.00000,0.00000,,,,<LOD,6219,1.00000,0.00000,,,,<LOD,6661,1.00000,0.00000,,,,<LOD,9935,1.00000,0.00000,,,,<LOD,20902,1.00000,0.00000,,,,<LOD,65,1.00000,0.00000,,,,<LOD,17,1.00000,0.00000,,,,<LOD,33,1.00000,0.00000,,,,43,4,1.00000,0.00000,,,,<LOD,73,1.00000,0.00000,,,,34,7,1.00000,0.00000,,,,<LOD,22,1.00000,0.00000,,,,739903,1119,1.00000,0.00000,D_C1_C,10,20,20,
820926,21,2024-04-22,13:42:49,Geochem(3-Beam),,21,No,,,PPM,,,,<LOD,36928,1.00000,0.00000,,,,43912,965,1.00000,0.00000,,,,206794,1164,1.00000,0.00000,,,,3691,109,1.00000,0.00000,,,,1126,72,1.00000,0.00000,,,,<LOD,1216,1.00000,0.00000,,,,15448,120,1.00000,0.00000,,,,6338,338,1.00000,0.00000,,,,<LOD,369,1.00000,0.00000,,,,<LOD,200,1.00000,0.00000,,,,592,45,1.00000,0.00000,,,,28968,265,1.00000,0.00000,,,,<LOD,267,1.00000,0.00000,,,,54,11,1.00000,0.00000,,,,167,12,1.00000,0.00000,,,,107,9,1.00000,0.00000,,,,22,5,1.00000,0.00000,,,,<LOD,7,1.00000,0.00000,,,,105,3,1.00000,0.00000,,,,226,4,1.00000,0.00000,,,,45,3,1.00000,0.00000,,,,514,7,1.00000,0.00000,,,,31,3,1.00000,0.00000,,,,17,4,1.00000,0.00000,,,,<LOD,0,1.00000,0.00000,,,,<LOD,77,1.00000,0.00000,,,,<LOD,89,1.00000,0.00000,,,,<LOD,119,1.00000,0.00000,,,,115,15,1.00000,0.00000,,,,<LOD,7171,1.00000,0.00000,,,,<LOD,7971,1.00000,0.00000,,,,<LOD,11528,1.00000,0.00000,,,,<LOD,24430,1.00000,0.00000,,,,<LOD,85,1.00000,0.00000,,,,<LOD,24,1.00000,0.00000,,,,<LOD,43,1.00000,0.00000,,,,69,5,1.00000,0.00000,,,,<LOD,89,1.00000,0.00000,,,,65,9,1.00000,0.00000,,,,<LOD,27,1.00000,0.00000,,,,691595,1347,1.00000,0.00000,C_B5_S,10,20,20,
820926,22,2024-04-22,13:46:43,Geochem(3-Beam),,22,No,,,PPM,,,,<LOD,34512,1.00000,0.00000,,,,37471,855,1.00000,0.00000,,,,190065,1038,1.00000,0.00000,,,,3632,96,1.00000,0.00000,,,,1018,65,1.00000,0.00000,,,,<LOD,1172,1.00000,0.00000,,,,14185,105,1.00000,0.00000,,,,7544,319,1.00000,0.00000,,,,<LOD,345,1.00000,0.00000,,,,<LOD,169,1.00000,0.00000,,,,558,40,1.00000,0.00000,,,,30900,258,1.00000,0.00000,,,,<LOD,257,1.00000,0.00000,,,,32,9,1.00000,0.00000,,,,148,11,1.00000,0.00000,,,,127,8,1.00000,0.00000,,,,21,5,1.00000,0.00000,,,,<LOD,7,1.00000,0.00000,,,,89,3,1.00000,0.00000,,,,199,4,1.00000,0.00000,,,,53,3,1.00000,0.00000,,,,577,7,1.00000,0.00000,,,,26,3,1.00000,0.00000,,,,<LOD,16,1.00000,0.00000,,,,<LOD,0,1.00000,0.00000,,,,<LOD,73,1.00000,0.00000,,,,<LOD,83,1.00000,0.00000,,,,<LOD,111,1.00000,0.00000,,,,104,16,1.00000,0.00000,,,,<LOD,6808,1.00000,0.00000,,,,<LOD,7302,1.00000,0.00000,,,,<LOD,10593,1.00000,0.00000,,,,<LOD,22491,1.00000,0.00000,,,,<LOD,79,1.00000,0.00000,,,,<LOD,21,1.00000,0.00000,,,,<LOD,37,1.00000,0.00000,,,,99,6,1.00000,0.00000,,,,<LOD,78,1.00000,0.00000,,,,41,8,1.00000,0.00000,,,,<LOD,24,1.00000,0.00000,,,,713111,1214,1.00000,0.00000,C_B2_S,10,20,20,
820926,23,2024-04-22,13:52:16,Geochem(3-Beam),,23,No,,,PPM,,,,<LOD,33430,1.00000,0.00000,,,,37530,863,1.00000,0.00000,,,,214074,1131,1.00000,0.00000,,,,3008,95,1.00000,0.00000,,,,582,65,1.00000,0.00000,,,,<LOD,1106,1.00000,0.00000,,,,11876,94,1.00000,0.00000,,,,8984,357,1.00000,0.00000,,,,<LOD,365,1.00000,0.00000,,,,<LOD,188,1.00000,0.00000,,,,650,44,1.00000,0.00000,,,,32425,273,1.00000,0.00000,,,,<LOD,266,1.00000,0.00000,,,,45,10,1.00000,0.00000,,,,166,12,1.00000,0.00000,,,,119,9,1.00000,0.00000,,,,22,4,1.00000,0.00000,,,,<LOD,7,1.00000,0.00000,,,,83,3,1.00000,0.00000,,,,187,4,1.00000,0.00000,,,,39,3,1.00000,0.00000,,,,619,7,1.00000,0.00000,,,,36,3,1.00000,0.00000,,,,<LOD,17,1.00000,0.00000,,,,<LOD,0,1.00000,0.00000,,,,<LOD,74,1.00000,0.00000,,,,<LOD,84,1.00000,0.00000,,,,<LOD,113,1.00000,0.00000,,,,91,16,1.00000,0.00000,,,,<LOD,7297,1.00000,0.00000,,,,<LOD,7544,1.00000,0.00000,,,,<LOD,11440,1.00000,0.00000,,,,<LOD,23757,1.00000,0.00000,,,,<LOD,79,1.00000,0.00000,,,,<LOD,21,1.00000,0.00000,,,,<LOD,41,1.00000,0.00000,,,,45,5,1.00000,0.00000,,,,<LOD,81,1.00000,0.00000,,,,57,8,1.00000,0.00000,,,,<LOD,25,1.00000,0.00000,,,,689361,1284,1.00000,0.00000,B_B1_C,10,20,20,
820926,24,2024-04-22,13:57:55,Geochem(3-Beam),,24,No,,,PPM,,,,<LOD,82827,1.00000,0.00000,,,,43000,2085,1.00000,0.00000,,,,205699,2250,1.00000,0.00000,,,,8389,301,1.00000,0.00000,,,,1701,214,1.00000,0.00000,,,,<LOD,2709,1.00000,0.00000,,,,34858,452,1.00000,0.00000,,,,10456,727,1.00000,0.00000,,,,<LOD,805,1.00000,0.00000,,,,1157,146,1.00000,0.00000,,,,3637,178,1.00000,0.00000,,,,35891,581,1.00000,0.00000,,,,<LOD,491,1.00000,0.00000,,,,134,29,1.00000,0.00000,,,,2406,78,1.00000,0.00000,,,,509,33,1.00000,0.00000,,,,<LOD,38,1.00000,0.00000,,,,<LOD,20,1.00000,0.00000,,,,27,4,1.00000,0.00000,,,,63,5,1.00000,0.00000,,,,37,5,1.00000,0.00000,,,,77,7,1.00000,0.00000,,,,34,6,1.00000,0.00000,,,,<LOD,33,1.00000,0.00000,,,,<LOD,0,1.00000,0.00000,,,,<LOD,140,1.00000,0.00000,,,,<LOD,148,1.00000,0.00000,,,,<LOD,198,1.00000,0.00000,,,,<LOD,10076,1.00000,0.00000,,,,<LOD,19276,1.00000,0.00000,,,,<LOD,19449,1.00000,0.00000,,,,<LOD,27875,1.00000,0.00000,,,,<LOD,58431,1.00000,0.00000,,,,<LOD,216,1.00000,0.00000,,,,<LOD,53,1.00000,0.00000,,,,<LOD,103,1.00000,0.00000,,,,36,10,1.00000,0.00000,,,,<LOD,166,1.00000,0.00000,,,,<LOD,77,1.00000,0.00000,,,,38,9,1.00000,0.00000,,,,651852,2714,1.00000,0.00000,A_A2_W,10,20,20,
820926,25,2024-04-22,14:00:06,Geochem(3-Beam),,25,No,,,PPM,,,,<LOD,34804,1.00000,0.00000,,,,30493,766,1.00000,0.00000,,,,178332,939,1.00000,0.00000,,,,3239,85,1.00000,0.00000,,,,693,56,1.00000,0.00000,,,,<LOD,1173,1.00000,0.00000,,,,10359,78,1.00000,0.00000,,,,6057,274,1.00000,0.00000,,,,<LOD,305,1.00000,0.00000,,,,<LOD,172,1.00000,0.00000,,,,662,39,1.00000,0.00000,,,,26223,216,1.00000,0.00000,,,,<LOD,224,1.00000,0.00000,,,,44,8,1.00000,0.00000,,,,146,10,1.00000,0.00000,,,,118,7,1.00000,0.00000,,,,12,4,1.00000,0.00000,,,,<LOD,6,1.00000,0.00000,,,,74,2,1.00000,0.00000,,,,138,3,1.00000,0.00000,,,,38,2,1.00000,0.00000,,,,597,6,1.00000,0.00000,,,,25,2,1.00000,0.00000,,,,<LOD,16,1.00000,0.00000,,,,<LOD,0,1.00000,0.00000,,,,<LOD,70,1.00000,0.00000,,,,<LOD,81,1.00000,0.00000,,,,<LOD,108,1.00000,0.00000,,,,102,17,1.00000,0.00000,,,,<LOD,6073,1.00000,0.00000,,,,<LOD,6545,1.00000,0.00000,,,,<LOD,9730,1.00000,0.00000,,,,<LOD,20477,1.00000,0.00000,,,,<LOD,65,1.00000,0.00000,,,,<LOD,17,1.00000,0.00000,,,,<LOD,33,1.00000,0.00000,,,,57,4,1.00000,0.00000,,,,<LOD,72,1.00000,0.00000,,,,36,7,1.00000,0.00000,,,,<LOD,21,1.00000,0.00000,,,,742555,1103,1.00000,0.00000,C_B2_S,10,20,20,
820926,26,2024-04-22,14:02:38,Geochem(3-Beam),,26,No,,,PPM,,,,<LOD,34919,1.00000,0.00000,,,,40590,852,1.00000,0.00000,,,,188422,1001,1.00000,0.00000,,,,3059,89,1.00000,0.00000,,,,571,59,1.00000,0.00000,,,,<LOD,1148,1.00000,0.00000,,,,12584,94,1.00000,0.00000,,,,5267,286,1.00000,0.00000,,,,<LOD,312,1.00000,0.00000,,,,<LOD,175,1.00000,0.00000,,,,654,41,1.00000,0.00000,,,,28242,235,1.00000,0.00000,,,,168,48,1.00000,0.00000,,,,<LOD,35,1.00000,0.00000,,,,127,10,1.00000,0.00000,,,,88,7,1.00000,0.00000,,,,25,4,1.00000,0.00000,,,,<LOD,7,1.00000,0.00000,,,,92,3,1.00000,0.00000,,,,193,4,1.00000,0.00000,,,,35,2,1.00000,0.00000,,,,539,6,1.00000,0.00000,,,,29,3,1.00000,0.00000,,,,<LOD,16,1.00000,0.00000,,,,13,3,1.00000,0.00000,,,,<LOD,72,1.00000,0.00000,,,,<LOD,83,1.00000,0.00000,,,,<LOD,110,1.00000,0.00000,,,,107,18,1.00000,0.00000,,,,<LOD,6345,1.00000,0.00000,,,,<LOD,6788,1.00000,0.00000,,,,<LOD,9982,1.00000,0.00000,,,,<LOD,21114,1.00000,0.00000,,,,<LOD,72,1.00000,0.00000,,,,<LOD,20,1.00000,0.00000,,,,<LOD,38,1.00000,0.00000,,,,67,5,1.00000,0.00000,,,,<LOD,73,1.00000,0.00000,,,,<LOD,34,1.00000,0.00000,,,,<LOD,22,1.00000,0.00000,,,,719128,1180,1.00000,0.00000,C_B6_C,10,20,20,
820926,27,2024-04-22,14:05:21,Geochem(3-Beam),,27,No,,,PPM,,,,<LOD,36424,1.00000,0.00000,,,,52415,1141,1.00000,0.00000,,,,251655,1497,1.00000,0.00000,,,,5153,144,1.00000,0.00000,,,,1464,97,1.00000,0.00000,,,,<LOD,1198,1.00000,0.00000,,,,22171,183,1.00000,0.00000,,,,8965,451,1.00000,0.00000,,,,<LOD,496,1.00000,0.00000,,,,<LOD,253,1.00000,0.00000,,,,1063,66,1.00000,0.00000,,,,46700,427,1.00000,0.00000,,,,<LOD,375,1.00000,0.00000,,,,72,15,1.00000,0.00000,,,,493,23,1.00000,0.00000,,,,366,17,1.00000,0.00000,,,,34,7,1.00000,0.00000,,,,<LOD,9,1.00000,0.00000,,,,97,4,1.00000,0.00000,,,,206,5,1.00000,0.00000,,,,44,4,1.00000,0.00000,,,,436,8,1.00000,0.00000,,,,42,4,1.00000,0.00000,,,,<LOD,20,1.00000,0.00000,,,,<LOD,0,1.00000,0.00000,,,,<LOD,83,1.00000,0.00000,,,,<LOD,93,1.00000,0.00000,,,,<LOD,125,1.00000,0.00000,,,,56,14,1.00000,0.00000,,,,<LOD,10276,1.00000,0.00000,,,,<LOD,10788,1.00000,0.00000,,,,<LOD,16219,1.00000,0.00000,,,,<LOD,32978,1.00000,0.00000,,,,<LOD,109,1.00000,0.00000,,,,<LOD,29,1.00000,0.00000,,,,<LOD,54,1.00000,0.00000,,,,96,8,1.00000,0.00000,,,,<LOD,100,1.00000,0.00000,,,,66,11,1.00000,0.00000,,,,26,6,1.00000,0.00000,,,,608379,1686,1.00000,0.00000,B_B1_S,10,20,20,
820926,28,2024-04-22,14:07:49,Geochem(3-Beam),,28,No,,,PPM,,,,<LOD,35440,1.00000,0.00000,,,,44881,948,1.00000,0.00000,,,,213063,1171,1.00000,0.00000,,,,3473,105,1.00000,0.00000,,,,893,72,1.00000,0.00000,,,,<LOD,1184,1.00000,0.00000,,,,13334,107,1.00000,0.00000,,,,7875,351,1.00000,0.00000,,,,<LOD,389,1.00000,0.00000,,,,<LOD,203,1.00000,0.00000,,,,628,45,1.00000,0.00000,,,,31303,276,1.00000,0.00000,,,,<LOD,274,1.00000,0.00000,,,,58,11,1.00000,0.00000,,,,122,11,1.00000,0.00000,,,,112,9,1.00000,0.00000,,,,21,5,1.00000,0.00000,,,,<LOD,7,1.00000,0.00000,,,,100,3,1.00000,0.00000,,,,210,4,1.00000,0.00000,,,,42,3,1.00000,0.00000,,,,710,8,1.00000,0.00000,,,,27,3,1.00000,0.00000,,,,<LOD,18,1.00000,0.00000,,,,9,3,1.00000,0.00000,,,,<LOD,77,1.00000,0.00000,,,,<LOD,88,1.00000,0.00000,,,,<LOD,116,1.00000,0.00000,,,,101,16,1.00000,0.00000,,,,<LOD,7179,1.00000,0.00000,,,,<LOD,7677,1.00000,0.00000,,,,<LOD,11487,1.00000,0.00000,,,,<LOD,23792,1.00000,0.00000,,,,<LOD,83,1.00000,0.00000,,,,<LOD,23,1.00000,0.00000,,,,<LOD,43,1.00000,0.00000,,,,61,5,1.00000,0.00000,,,,<LOD,88,1.00000,0.00000,,,,72,9,1.00000,0.00000,,,,<LOD,27,1.00000,0.00000,,,,682905,1345,1.00000,0.00000,D_B2_C,10,20,20,
820926,29,2024-04-22,14:10:09,Geochem(3-Beam),,29,No,,,PPM,,,,<LOD,34459,1.00000,0.00000,,,,45954,934,1.00000,0.00000,,,,204960,1118,1.00000,0.00000,,,,4020,105,1.00000,0.00000,,,,976,71,1.00000,0.00000,,,,<LOD,1162,1.00000,0.00000,,,,15969,119,1.00000,0.00000,,,,7491,338,1.00000,0.00000,,,,<LOD,350,1.00000,0.00000,,,,<LOD,200,1.00000,0.00000,,,,669,45,1.00000,0.00000,,,,29970,262,1.00000,0.00000,,,,<LOD,262,1.00000,0.00000,,,,64,11,1.00000,0.00000,,,,149,11,1.00000,0.00000,,,,134,9,1.00000,0.00000,,,,14,4,1.00000,0.00000,,,,<LOD,7,1.00000,0.00000,,,,100,3,1.00000,0.00000,,,,212,4,1.00000,0.00000,,,,40,3,1.00000,0.00000,,,,629,7,1.00000,0.00000,,,,32,3,1.00000,0.00000,,,,<LOD,18,1.00000,0.00000,,,,<LOD,0,1.00000,0.00000,,,,<LOD,76,1.00000,0.00000,,,,<LOD,86,1.00000,0.00000,,,,<LOD,115,1.00000,0.00000,,,,87,16,1.00000,0.00000,,,,<LOD,7292,1.00000,0.00000,,,,<LOD,7623,1.00000,0.00000,,,,<LOD,11235,1.00000,0.00000,,,,<LOD,23445,1.00000,0.00000,,,,<LOD,85,1.00000,0.00000,,,,<LOD,23,1.00000,0.00000,,,,<LOD,44,1.00000,0.00000,,,,64,5,1.00000,0.00000,,,,<LOD,86,1.00000,0.00000,,,,75,9,1.00000,0.00000,,,,13,4,1.00000,0.00000,,,,688380,1300,1.00000,0.00000,D_C1_S,10,20,20,
820926,30,2024-04-22,14:12:33,Geochem(3-Beam),,30,No,,,PPM,,,,<LOD,34147,1.00000,0.00000,,,,46459,877,1.00000,0.00000,,,,189227,1010,1.00000,0.00000,,,,2803,87,1.00000,0.00000,,,,801,60,1.00000,0.00000,,,,<LOD,1137,1.00000,0.00000,,,,11502,88,1.00000,0.00000,,,,7477,311,1.00000,0.00000,,,,<LOD,318,1.00000,0.00000,,,,<LOD,169,1.00000,0.00000,,,,602,40,1.00000,0.00000,,,,30902,251,1.00000,0.00000,,,,<LOD,249,1.00000,0.00000,,,,41,9,1.00000,0.00000,,,,128,10,1.00000,0.00000,,,,94,7,1.00000,0.00000,,,,15,4,1.00000,0.00000,,,,<LOD,6,1.00000,0.00000,,,,95,3,1.00000,0.00000,,,,183,4,1.00000,0.00000,,,,39,3,1.00000,0.00000,,,,590,7,1.00000,0.00000,,,,32,3,1.00000,0.00000,,,,<LOD,16,1.00000,0.00000,,,,12,3,1.00000,0.00000,,,,<LOD,71,1.00000,0.00000,,,,<LOD,83,1.00000,0.00000,,,,<LOD,111,1.00000,0.00000,,,,122,18,1.00000,0.00000,,,,<LOD,6343,1.00000,0.00000,,,,<LOD,6871,1.00000,0.00000,,,,<LOD,10270,1.00000,0.00000,,,,<LOD,21683,1.00000,0.00000,,,,<LOD,72,1.00000,0.00000,,,,<LOD,20,1.00000,0.00000,,,,<LOD,38,1.00000,0.00000,,,,64,5,1.00000,0.00000,,,,<LOD,75,1.00000,0.00000,,,,36,7,1.00000,0.00000,,,,<LOD,23,1.00000,0.00000,,,,708775,1198,1.00000,0.00000,C_B3_C,10,20,20,
820926,31,2024-04-22,14:16:57,Geochem(3-Beam),,31,No,,,PPM,,,,<LOD,32102,1.00000,0.00000,,,,43016,806,1.00000,0.00000,,,,177660,920,1.00000,0.00000,,,,2976,81,1.00000,0.00000,,,,853,54,1.00000,0.00000,,,,<LOD,1055,1.00000,0.00000,,,,12001,85,1.00000,0.00000,,,,6550,278,1.00000,0.00000,,,,<LOD,299,1.00000,0.00000,,,,<LOD,163,1.00000,0.00000,,,,643,38,1.00000,0.00000,,,,31383,239,1.00000,0.00000,,,,<LOD,236,1.00000,0.00000,,,,42,8,1.00000,0.00000,,,,114,9,1.00000,0.00000,,,,124,8,1.00000,0.00000,,,,17,4,1.00000,0.00000,,,,<LOD,6,1.00000,0.00000,,,,83,3,1.00000,0.00000,,,,183,3,1.00000,0.00000,,,,40,2,1.00000,0.00000,,,,466,5,1.00000,0.00000,,,,21,2,1.00000,0.00000,,,,<LOD,14,1.00000,0.00000,,,,<LOD,0,1.00000,0.00000,,,,<LOD,68,1.00000,0.00000,,,,<LOD,79,1.00000,0.00000,,,,<LOD,108,1.00000,0.00000,,,,183,19,1.00000,0.00000,,,,<LOD,5943,1.00000,0.00000,,,,<LOD,6442,1.00000,0.00000,,,,<LOD,9508,1.00000,0.00000,,,,<LOD,20273,1.00000,0.00000,,,,<LOD,66,1.00000,0.00000,,,,<LOD,18,1.00000,0.00000,,,,<LOD,35,1.00000,0.00000,,,,99,5,1.00000,0.00000,,,,<LOD,68,1.00000,0.00000,,,,<LOD,32,1.00000,0.00000,,,,<LOD,21,1.00000,0.00000,,,,723548,1101,1.00000,0.00000,C_A7_C,10,20,20,
820926,32,2024-04-22,14:19:27,Geochem(3-Beam),,32,No,,,PPM,,,,<LOD,35167,1.00000,0.00000,,,,50480,977,1.00000,0.00000,,,,202537,1149,1.00000,0.00000,,,,3944,107,1.00000,0.00000,,,,1196,73,1.00000,0.00000,,,,<LOD,1178,1.00000,0.00000,,,,15210,118,1.00000,0.00000,,,,7760,346,1.00000,0.00000,,,,275,86,1.00000,0.00000,,,,<LOD,212,1.00000,0.00000,,,,733,48,1.00000,0.00000,,,,37057,312,1.00000,0.00000,,,,208,60,1.00000,0.00000,,,,70,11,1.00000,0.00000,,,,191,13,1.00000,0.00000,,,,170,10,1.00000,0.00000,,,,30,6,1.00000,0.00000,,,,<LOD,7,1.00000,0.00000,,,,111,3,1.00000,0.00000,,,,200,4,1.00000,0.00000,,,,44,3,1.00000,0.00000,,,,559,7,1.00000,0.00000,,,,30,3,1.00000,0.00000,,,,<LOD,18,1.00000,0.00000,,,,<LOD,0,1.00000,0.00000,,,,<LOD,74,1.00000,0.00000,,,,<LOD,85,1.00000,0.00000,,,,<LOD,113,1.00000,0.00000,,,,129,16,1.00000,0.00000,,,,<LOD,7491,1.00000,0.00000,,,,<LOD,8038,1.00000,0.00000,,,,<LOD,11844,1.00000,0.00000,,,,<LOD,24837,1.00000,0.00000,,,,<LOD,84,1.00000,0.00000,,,,<LOD,23,1.00000,0.00000,,,,<LOD,42,1.00000,0.00000,,,,110,6,1.00000,0.00000,,,,<LOD,85,1.00000,0.00000,,,,49,9,1.00000,0.00000,,,,17,4,1.00000,0.00000,,,,678890,1348,1.00000,0.00000,C_B4_S,10,20,20,
820926,33,2024-04-22,14:22:16,Geochem(3-Beam),,33,No,,,PPM,,,,<LOD,31717,1.00000,0.00000,,,,42687,825,1.00000,0.00000,,,,186917,972,1.00000,0.00000,,,,3077,85,1.00000,0.00000,,,,853,57,1.00000,0.00000,,,,<LOD,1060,1.00000,0.00000,,,,12749,92,1.00000,0.00000,,,,6897,291,1.00000,0.00000,,,,<LOD,333,1.00000,0.00000,,,,<LOD,163,1.00000,0.00000,,,,707,41,1.00000,0.00000,,,,32868,254,1.00000,0.00000,,,,<LOD,249,1.00000,0.00000,,,,51,9,1.00000,0.00000,,,,131,10,1.00000,0.00000,,,,125,8,1.00000,0.00000,,,,17,5,1.00000,0.00000,,,,<LOD,6,1.00000,0.00000,,,,83,3,1.00000,0.00000,,,,183,3,1.00000,0.00000,,,,42,3,1.00000,0.00000,,,,514,6,1.00000,0.00000,,,,30,3,1.00000,0.00000,,,,<LOD,15,1.00000,0.00000,,,,<LOD,0,1.00000,0.00000,,,,<LOD,70,1.00000,0.00000,,,,<LOD,81,1.00000,0.00000,,,,<LOD,109,1.00000,0.00000,,,,136,19,1.00000,0.00000,,,,<LOD,6200,1.00000,0.00000,,,,<LOD,6558,1.00000,0.00000,,,,<LOD,9717,1.00000,0.00000,,,,<LOD,20414,1.00000,0.00000,,,,<LOD,65,1.00000,0.00000,,,,<LOD,18,1.00000,0.00000,,,,<LOD,34,1.00000,0.00000,,,,119,6,1.00000,0.00000,,,,<LOD,70,1.00000,0.00000,,,,<LOD,32,1.00000,0.00000,,,,<LOD,22,1.00000,0.00000,,,,711814,1147,1.00000,0.00000,C_B2_C,10,20,20,
820926,34,2024-04-22,14:24:18,Geochem(3-Beam),,34,No,,,PPM,,,,<LOD,30294,1.00000,0.00000,,,,55686,867,1.00000,0.00000,,,,200311,978,1.00000,0.00000,,,,2257,78,1.00000,0.00000,,,,823,57,1.00000,0.00000,,,,<LOD,1028,1.00000,0.00000,,,,9793,75,1.00000,0.00000,,,,6030,280,1.00000,0.00000,,,,<LOD,300,1.00000,0.00000,,,,<LOD,163,1.00000,0.00000,,,,424,34,1.00000,0.00000,,,,25729,210,1.00000,0.00000,,,,143,44,1.00000,0.00000,,,,39,8,1.00000,0.00000,,,,118,9,1.00000,0.00000,,,,82,7,1.00000,0.00000,,,,18,4,1.00000,0.00000,,,,<LOD,6,1.00000,0.00000,,,,93,3,1.00000,0.00000,,,,169,3,1.00000,0.00000,,,,36,2,1.00000,0.00000,,,,575,6,1.00000,0.00000,,,,21,2,1.00000,0.00000,,,,<LOD,15,1.00000,0.00000,,,,<LOD,0,1.00000,0.00000,,,,<LOD,70,1.00000,0.00000,,,,<LOD,82,1.00000,0.00000,,,,<LOD,110,1.00000,0.00000,,,,183,19,1.00000,0.00000,,,,<LOD,5754,1.00000,0.00000,,,,<LOD,6059,1.00000,0.00000,,,,<LOD,9004,1.00000,0.00000,,,,<LOD,19047,1.00000,0.00000,,,,<LOD,67,1.00000,0.00000,,,,<LOD,18,1.00000,0.00000,,,,<LOD,35,1.00000,0.00000,,,,43,4,1.00000,0.00000,,,,<LOD,72,1.00000,0.00000,,,,26,7,1.00000,0.00000,,,,<LOD,22,1.00000,0.00000,,,,697402,1156,1.00000,0.00000,D_C2_C,10,20,20,
820926,35,2024-04-22,14:27:56,Geochem(3-Beam),,35,No,,,PPM,,,,<LOD,33482,1.00000,0.00000,,,,52705,953,1.00000,0.00000,,,,210856,1126,1.00000,0.00000,,,,3776,103,1.00000,0.00000,,,,792,69,1.00000,0.00000,,,,<LOD,1118,1.00000,0.00000,,,,13329,103,1.00000,0.00000,,,,7289,339,1.00000,0.00000,,,,<LOD,369,1.00000,0.00000,,,,<LOD,187,1.00000,0.00000,,,,587,43,1.00000,0.00000,,,,32512,274,1.00000,0.00000,,,,<LOD,269,1.00000,0.00000,,,,49,10,1.00000,0.00000,,,,149,11,1.00000,0.00000,,,,131,9,1.00000,0.00000,,,,20,5,1.00000,0.00000,,,,<LOD,7,1.00000,0.00000,,,,105,3,1.00000,0.00000,,,,207,4,1.00000,0.00000,,,,41,3,1.00000,0.00000,,,,577,7,1.00000,0.00000,,,,30,3,1.00000,0.00000,,,,<LOD,17,1.00000,0.00000,,,,<LOD,0,1.00000,0.00000,,,,<LOD,74,1.00000,0.00000,,,,<LOD,84,1.00000,0.00000,,,,<LOD,112,1.00000,0.00000,,,,96,16,1.00000,0.00000,,,,<LOD,7337,1.00000,0.00000,,,,<LOD,7742,1.00000,0.00000,,,,<LOD,11656,1.00000,0.00000,,,,<LOD,24454,1.00000,0.00000,,,,<LOD,82,1.00000,0.00000,,,,<LOD,22,1.00000,0.00000,,,,<LOD,41,1.00000,0.00000,,,,66,5,1.00000,0.00000,,,,<LOD,84,1.00000,0.00000,,,,66,8,1.00000,0.00000,,,,15,4,1.00000,0.00000,,,,676602,1309,1.00000,0.00000,D_A1_5,10,20,20,
820926,36,2024-04-22,14:30:17,Geochem(3-Beam),,36,No,,,PPM,,,,<LOD,32566,1.00000,0.00000,,,,50939,906,1.00000,0.00000,,,,205663,1063,1.00000,0.00000,,,,3372,94,1.00000,0.00000,,,,1149,65,1.00000,0.00000,,,,<LOD,1097,1.00000,0.00000,,,,12739,96,1.00000,0.00000,,,,6250,303,1.00000,0.00000,,,,<LOD,337,1.00000,0.00000,,,,<LOD,184,1.00000,0.00000,,,,608,41,1.00000,0.00000,,,,30271,250,1.00000,0.00000,,,,<LOD,245,1.00000,0.00000,,,,37,9,1.00000,0.00000,,,,186,12,1.00000,0.00000,,,,148,9,1.00000,0.00000,,,,22,4,1.00000,0.00000,,,,<LOD,7,1.00000,0.00000,,,,94,3,1.00000,0.00000,,,,194,4,1.00000,0.00000,,,,43,3,1.00000,0.00000,,,,524,6,1.00000,0.00000,,,,24,3,1.00000,0.00000,,,,<LOD,17,1.00000,0.00000,,,,<LOD,0,1.00000,0.00000,,,,<LOD,72,1.00000,0.00000,,,,<LOD,83,1.00000,0.00000,,,,<LOD,109,1.00000,0.00000,,,,127,17,1.00000,0.00000,,,,<LOD,6422,1.00000,0.00000,,,,<LOD,6912,1.00000,0.00000,,,,<LOD,10387,1.00000,0.00000,,,,<LOD,21462,1.00000,0.00000,,,,<LOD,76,1.00000,0.00000,,,,<LOD,22,1.00000,0.00000,,,,<LOD,39,1.00000,0.00000,,,,65,5,1.00000,0.00000,,,,<LOD,78,1.00000,0.00000,,,,42,8,1.00000,0.00000,,,,<LOD,24,1.00000,0.00000,,,,687503,1240,1.00000,0.00000,C_B7_C,10,20,20,
820926,37,2024-04-22,14:32:50,Geochem(3-Beam),,37,No,,,PPM,,,,<LOD,31997,1.00000,0.00000,,,,60254,1010,1.00000,0.00000,,,,228264,1211,1.00000,0.00000,,,,3835,109,1.00000,0.00000,,,,1178,75,1.00000,0.00000,,,,<LOD,1081,1.00000,0.00000,,,,16005,122,1.00000,0.00000,,,,7067,344,1.00000,0.00000,,,,<LOD,349,1.00000,0.00000,,,,<LOD,208,1.00000,0.00000,,,,713,48,1.00000,0.00000,,,,35984,304,1.00000,0.00000,,,,<LOD,295,1.00000,0.00000,,,,58,11,1.00000,0.00000,,,,211,14,1.00000,0.00000,,,,154,10,1.00000,0.00000,,,,35,5,1.00000,0.00000,,,,<LOD,7,1.00000,0.00000,,,,117,3,1.00000,0.00000,,,,213,4,1.00000,0.00000,,,,53,3,1.00000,0.00000,,,,550,7,1.00000,0.00000,,,,41,3,1.00000,0.00000,,,,<LOD,18,1.00000,0.00000,,,,<LOD,0,1.00000,0.00000,,,,<LOD,75,1.00000,0.00000,,,,<LOD,86,1.00000,0.00000,,,,<LOD,113,1.00000,0.00000,,,,111,16,1.00000,0.00000,,,,<LOD,8084,1.00000,0.00000,,,,<LOD,8621,1.00000,0.00000,,,,<LOD,12718,1.00000,0.00000,,,,<LOD,26764,1.00000,0.00000,,,,<LOD,84,1.00000,0.00000,,,,<LOD,23,1.00000,0.00000,,,,<LOD,44,1.00000,0.00000,,,,74,6,1.00000,0.00000,,,,<LOD,86,1.00000,0.00000,,,,54,9,1.00000,0.00000,,,,<LOD,26,1.00000,0.00000,,,,645030,1392,1.00000,0.00000,C_A2_2,10,20,20,
820926,38,2024-04-22,14:35:14,Geochem(3-Beam),,38,No,,,PPM,,,,<LOD,34906,1.00000,0.00000,,,,48464,924,1.00000,0.00000,,,,197429,1062,1.00000,0.00000,,,,3463,98,1.00000,0.00000,,,,1097,68,1.00000,0.00000,,,,<LOD,1175,1.00000,0.00000,,,,13700,103,1.00000,0.00000,,,,5469,297,1.00000,0.00000,,,,<LOD,331,1.00000,0.00000,,,,<LOD,181,1.00000,0.00000,,,,605,42,1.00000,0.00000,,,,25699,229,1.00000,0.00000,,,,<LOD,232,1.00000,0.00000,,,,45,9,1.00000,0.00000,,,,165,11,1.00000,0.00000,,,,100,8,1.00000,0.00000,,,,24,4,1.00000,0.00000,,,,<LOD,7,1.00000,0.00000,,,,92,3,1.00000,0.00000,,,,213,4,1.00000,0.00000,,,,35,3,1.00000,0.00000,,,,550,7,1.00000,0.00000,,,,25,3,1.00000,0.00000,,,,<LOD,17,1.00000,0.00000,,,,<LOD,0,1.00000,0.00000,,,,<LOD,75,1.00000,0.00000,,,,<LOD,86,1.00000,0.00000,,,,<LOD,114,1.00000,0.00000,,,,112,16,1.00000,0.00000,,,,<LOD,7250,1.00000,0.00000,,,,<LOD,7765,1.00000,0.00000,,,,<LOD,11488,1.00000,0.00000,,,,<LOD,24502,1.00000,0.00000,,,,55,16,1.00000,0.00000,,,,<LOD,21,1.00000,0.00000,,,,<LOD,40,1.00000,0.00000,,,,55,5,1.00000,0.00000,,,,<LOD,81,1.00000,0.00000,,,,47,8,1.00000,0.00000,,,,14,4,1.00000,0.00000,,,,702541,1250,1.00000,0.00000,C_B6_S,10,20,20,
820926,39,2024-04-22,18:14:57,Geochem(3-Beam),,39,No,,,PPM,,,,<LOD,36249,1.00000,0.00000,,,,45206,877,1.00000,0.00000,,,,174392,957,1.00000,0.00000,,,,3229,89,1.00000,0.00000,,,,711,58,1.00000,0.00000,,,,<LOD,1202,1.00000,0.00000,,,,11631,88,1.00000,0.00000,,,,5702,282,1.00000,0.00000,,,,<LOD,309,1.00000,0.00000,,,,<LOD,174,1.00000,0.00000,,,,498,37,1.00000,0.00000,,,,28043,233,1.00000,0.00000,,,,<LOD,235,1.00000,0.00000,,,,31,8,1.00000,0.00000,,,,137,10,1.00000,0.00000,,,,84,7,1.00000,0.00000,,,,24,4,1.00000,0.00000,,,,<LOD,6,1.00000,0.00000,,,,97,3,1.00000,0.00000,,,,176,3,1.00000,0.00000,,,,47,3,1.00000,0.00000,,,,514,6,1.00000,0.00000,,,,30,3,1.00000,0.00000,,,,<LOD,16,1.00000,0.00000,,,,9,3,1.00000,0.00000,,,,<LOD,71,1.00000,0.00000,,,,<LOD,83,1.00000,0.00000,,,,<LOD,110,1.00000,0.00000,,,,94,17,1.00000,0.00000,,,,<LOD,6136,1.00000,0.00000,,,,114,33,1.00000,0.00000,,,,<LOD,9616,1.00000,0.00000,,,,<LOD,20555,1.00000,0.00000,,,,<LOD,67,1.00000,0.00000,,,,<LOD,18,1.00000,0.00000,,,,<LOD,37,1.00000,0.00000,,,,77,5,1.00000,0.00000,,,,<LOD,74,1.00000,0.00000,,,,25,7,1.00000,0.00000,,,,<LOD,24,1.00000,0.00000,,,,729129,1163,1.00000,0.00000,C_A2_C,10,20,20,
820926,40,2024-04-22,18:19:32,Geochem(3-Beam),,40,No,,,PPM,,,,<LOD,35049,1.00000,0.00000,,,,45747,872,1.00000,0.00000,,,,177323,967,1.00000,0.00000,,,,2860,85,1.00000,0.00000,,,,800,57,1.00000,0.00000,,,,<LOD,1158,1.00000,0.00000,,,,11500,87,1.00000,0.00000,,,,6425,293,1.00000,0.00000,,,,<LOD,328,1.00000,0.00000,,,,<LOD,173,1.00000,0.00000,,,,635,40,1.00000,0.00000,,,,32011,255,1.00000,0.00000,,,,<LOD,252,1.00000,0.00000,,,,36,9,1.00000,0.00000,,,,154,10,1.00000,0.00000,,,,110,8,1.00000,0.00000,,,,21,4,1.00000,0.00000,,,,<LOD,6,1.00000,0.00000,,,,97,3,1.00000,0.00000,,,,188,4,1.00000,0.00000,,,,38,3,1.00000,0.00000,,,,490,6,1.00000,0.00000,,,,28,3,1.00000,0.00000,,,,<LOD,15,1.00000,0.00000,,,,<LOD,0,1.00000,0.00000,,,,<LOD,70,1.00000,0.00000,,,,<LOD,82,1.00000,0.00000,,,,<LOD,110,1.00000,0.00000,,,,109,18,1.00000,0.00000,,,,<LOD,5986,1.00000,0.00000,,,,<LOD,6323,1.00000,0.00000,,,,<LOD,9577,1.00000,0.00000,,,,<LOD,20080,1.00000,0.00000,,,,<LOD,68,1.00000,0.00000,,,,<LOD,19,1.00000,0.00000,,,,<LOD,35,1.00000,0.00000,,,,81,5,1.00000,0.00000,,,,<LOD,73,1.00000,0.00000,,,,30,7,1.00000,0.00000,,,,<LOD,22,1.00000,0.00000,,,,721317,1168,1.00000,0.00000,C_B4_C,10,20,20,
820926,41,2024-04-22,18:24:43,Geochem(3-Beam),,41,No,,,PPM,,,,<LOD,112811,1.00000,0.00000,,,,34314,1862,1.00000,0.00000,,,,108009,1332,1.00000,0.00000,,,,5789,216,1.00000,0.00000,,,,2399,158,1.00000,0.00000,,,,<LOD,3663,1.00000,0.00000,,,,26136,309,1.00000,0.00000,,,,4911,476,1.00000,0.00000,,,,<LOD,543,1.00000,0.00000,,,,623,99,1.00000,0.00000,,,,651,74,1.00000,0.00000,,,,24519,380,1.00000,0.00000,,,,<LOD,364,1.00000,0.00000,,,,65,19,1.00000,0.00000,,,,2419,64,1.00000,0.00000,,,,409,24,1.00000,0.00000,,,,27,8,1.00000,0.00000,,,,<LOD,12,1.00000,0.00000,,,,20,3,1.00000,0.00000,,,,54,4,1.00000,0.00000,,,,23,4,1.00000,0.00000,,,,74,5,1.00000,0.00000,,,,25,5,1.00000,0.00000,,,,22,6,1.00000,0.00000,,,,<LOD,0,1.00000,0.00000,,,,<LOD,118,1.00000,0.00000,,,,<LOD,125,1.00000,0.00000,,,,<LOD,170,1.00000,0.00000,,,,<LOD,7052,1.00000,0.00000,,,,<LOD,12992,1.00000,0.00000,,,,<LOD,13829,1.00000,0.00000,,,,<LOD,20345,1.00000,0.00000,,,,<LOD,43141,1.00000,0.00000,,,,<LOD,153,1.00000,0.00000,,,,<LOD,34,1.00000,0.00000,,,,<LOD,80,1.00000,0.00000,,,,61,8,1.00000,0.00000,,,,<LOD,144,1.00000,0.00000,,,,89,14,1.00000,0.00000,,,,34,7,1.00000,0.00000,,,,789325,2069,1.00000,0.00000,A_B1_W,10,20,20,
820926,42,2024-04-22,18:31:43,Geochem(3-Beam),,42,No,,,PPM,,,,<LOD,84050,1.00000,0.00000,,,,27959,2107,1.00000,0.00000,,,,85421,1363,1.00000,0.00000,,,,7784,263,1.00000,0.00000,,,,2903,184,1.00000,0.00000,,,,2028,242,1.00000,0.00000,,,,41091,558,1.00000,0.00000,,,,61899,1506,1.00000,0.00000,,,,<LOD,1514,1.00000,0.00000,,,,965,156,1.00000,0.00000,,,,434,94,1.00000,0.00000,,,,17468,385,1.00000,0.00000,,,,<LOD,314,1.00000,0.00000,,,,<LOD,104,1.00000,0.00000,,,,1637,65,1.00000,0.00000,,,,384,29,1.00000,0.00000,,,,<LOD,31,1.00000,0.00000,,,,<LOD,17,1.00000,0.00000,,,,15,4,1.00000,0.00000,,,,57,5,1.00000,0.00000,,,,24,5,1.00000,0.00000,,,,31,6,1.00000,0.00000,,,,19,6,1.00000,0.00000,,,,<LOD,31,1.00000,0.00000,,,,<LOD,0,1.00000,0.00000,,,,<LOD,134,1.00000,0.00000,,,,<LOD,143,1.00000,0.00000,,,,<LOD,189,1.00000,0.00000,,,,<LOD,8588,1.00000,0.00000,,,,<LOD,15646,1.00000,0.00000,,,,<LOD,15513,1.00000,0.00000,,,,<LOD,24641,1.00000,0.00000,,,,<LOD,49653,1.00000,0.00000,,,,165,44,1.00000,0.00000,,,,<LOD,43,1.00000,0.00000,,,,<LOD,101,1.00000,0.00000,,,,32,10,1.00000,0.00000,,,,<LOD,163,1.00000,0.00000,,,,79,18,1.00000,0.00000,,,,<LOD,52,1.00000,0.00000,,,,749604,2535,1.00000,0.00000,B_B3_C,10,20,20,
820926,43,2024-04-22,18:35:34,Geochem(3-Beam),,43,No,,,PPM,,,,<LOD,84084,1.00000,0.00000,,,,12159,1216,1.00000,0.00000,,,,59579,732,1.00000,0.00000,,,,4097,132,1.00000,0.00000,,,,1765,95,1.00000,0.00000,,,,1232,123,1.00000,0.00000,,,,21822,205,1.00000,0.00000,,,,23589,630,1.00000,0.00000,,,,<LOD,679,1.00000,0.00000,,,,730,82,1.00000,0.00000,,,,460,53,1.00000,0.00000,,,,16381,231,1.00000,0.00000,,,,<LOD,231,1.00000,0.00000,,,,<LOD,54,1.00000,0.00000,,,,1108,33,1.00000,0.00000,,,,307,16,1.00000,0.00000,,,,14,5,1.00000,0.00000,,,,<LOD,9,1.00000,0.00000,,,,15,2,1.00000,0.00000,,,,59,3,1.00000,0.00000,,,,21,3,1.00000,0.00000,,,,46,4,1.00000,0.00000,,,,27,4,1.00000,0.00000,,,,13,4,1.00000,0.00000,,,,<LOD,0,1.00000,0.00000,,,,<LOD,88,1.00000,0.00000,,,,<LOD,95,1.00000,0.00000,,,,<LOD,130,1.00000,0.00000,,,,<LOD,5558,1.00000,0.00000,,,,<LOD,10220,1.00000,0.00000,,,,<LOD,10870,1.00000,0.00000,,,,<LOD,16575,1.00000,0.00000,,,,<LOD,33832,1.00000,0.00000,,,,<LOD,105,1.00000,0.00000,,,,<LOD,25,1.00000,0.00000,,,,<LOD,54,1.00000,0.00000,,,,35,5,1.00000,0.00000,,,,<LOD,108,1.00000,0.00000,,,,93,10,1.00000,0.00000,,,,21,5,1.00000,0.00000,,,,856427,1421,1.00000,0.00000,B_A3_C,10,20,20,
820926,44,2024-04-22,18:39:24,Geochem(3-Beam),,44,No,,,PPM,,,,<LOD,144769,1.00000,0.00000,,,,<LOD,17002,1.00000,0.00000,,,,44674,1062,1.00000,0.00000,,,,7035,288,1.00000,0.00000,,,,4669,226,1.00000,0.00000,,,,4044,286,1.00000,0.00000,,,,68023,946,1.00000,0.00000,,,,5267,641,1.00000,0.00000,,,,<LOD,725,1.00000,0.00000,,,,535,133,1.00000,0.00000,,,,1023,117,1.00000,0.00000,,,,19400,433,1.00000,0.00000,,,,<LOD,428,1.00000,0.00000,,,,<LOD,122,1.00000,0.00000,,,,992,53,1.00000,0.00000,,,,512,34,1.00000,0.00000,,,,<LOD,43,1.00000,0.00000,,,,<LOD,18,1.00000,0.00000,,,,13,4,1.00000,0.00000,,,,63,5,1.00000,0.00000,,,,24,5,1.00000,0.00000,,,,31,6,1.00000,0.00000,,,,24,6,1.00000,0.00000,,,,<LOD,38,1.00000,0.00000,,,,<LOD,0,1.00000,0.00000,,,,<LOD,164,1.00000,0.00000,,,,<LOD,176,1.00000,0.00000,,,,<LOD,237,1.00000,0.00000,,,,<LOD,10501,1.00000,0.00000,,,,<LOD,18507,1.00000,0.00000,,,,<LOD,20003,1.00000,0.00000,,,,<LOD,31133,1.00000,0.00000,,,,<LOD,63796,1.00000,0.00000,,,,<LOD,259,1.00000,0.00000,,,,<LOD,64,1.00000,0.00000,,,,<LOD,127,1.00000,0.00000,,,,35,10,1.00000,0.00000,,,,<LOD,199,1.00000,0.00000,,,,71,19,1.00000,0.00000,,,,<LOD,65,1.00000,0.00000,,,,843565,1528,1.00000,0.00000,A_A1_C,10,20,20,
820926,45,2024-04-22,18:42:20,Geochem(3-Beam),,45,No,,,PPM,,,,<LOD,34030,1.00000,0.00000,,,,45780,929,1.00000,0.00000,,,,207716,1113,1.00000,0.00000,,,,4994,113,1.00000,0.00000,,,,878,70,1.00000,0.00000,,,,<LOD,1135,1.00000,0.00000,,,,17136,124,1.00000,0.00000,,,,6334,328,1.00000,0.00000,,,,<LOD,346,1.00000,0.00000,,,,<LOD,178,1.00000,0.00000,,,,641,44,1.00000,0.00000,,,,25378,234,1.00000,0.00000,,,,<LOD,237,1.00000,0.00000,,,,52,10,1.00000,0.00000,,,,76,9,1.00000,0.00000,,,,92,8,1.00000,0.00000,,,,21,4,1.00000,0.00000,,,,<LOD,8,1.00000,0.00000,,,,102,3,1.00000,0.00000,,,,196,4,1.00000,0.00000,,,,49,3,1.00000,0.00000,,,,532,7,1.00000,0.00000,,,,32,3,1.00000,0.00000,,,,12,3,1.00000,0.00000,,,,<LOD,0,1.00000,0.00000,,,,<LOD,76,1.00000,0.00000,,,,<LOD,86,1.00000,0.00000,,,,<LOD,115,1.00000,0.00000,,,,97,15,1.00000,0.00000,,,,<LOD,7270,1.00000,0.00000,,,,<LOD,7962,1.00000,0.00000,,,,<LOD,11834,1.00000,0.00000,,,,<LOD,24816,1.00000,0.00000,,,,<LOD,74,1.00000,0.00000,,,,<LOD,22,1.00000,0.00000,,,,<LOD,39,1.00000,0.00000,,,,56,5,1.00000,0.00000,,,,<LOD,84,1.00000,0.00000,,,,54,8,1.00000,0.00000,,,,<LOD,26,1.00000,0.00000,,,,689769,1290,1.00000,0.00000,C_B1_S,10,20,20,
820926,46,2024-04-22,18:46:30,Geochem(3-Beam),,46,No,,,PPM,,,,<LOD,37782,1.00000,0.00000,,,,42560,1029,1.00000,0.00000,,,,228962,1338,1.00000,0.00000,,,,3605,120,1.00000,0.00000,,,,877,85,1.00000,0.00000,,,,<LOD,1250,1.00000,0.00000,,,,17101,141,1.00000,0.00000,,,,7187,378,1.00000,0.00000,,,,<LOD,440,1.00000,0.00000,,,,<LOD,221,1.00000,0.00000,,,,829,55,1.00000,0.00000,,,,38248,348,1.00000,0.00000,,,,<LOD,327,1.00000,0.00000,,,,51,12,1.00000,0.00000,,,,129,13,1.00000,0.00000,,,,146,11,1.00000,0.00000,,,,43,6,1.00000,0.00000,,,,<LOD,8,1.00000,0.00000,,,,118,4,1.00000,0.00000,,,,241,5,1.00000,0.00000,,,,54,4,1.00000,0.00000,,,,545,8,1.00000,0.00000,,,,35,3,1.00000,0.00000,,,,19,4,1.00000,0.00000,,,,<LOD,0,1.00000,0.00000,,,,<LOD,82,1.00000,0.00000,,,,<LOD,92,1.00000,0.00000,,,,<LOD,123,1.00000,0.00000,,,,81,15,1.00000,0.00000,,,,<LOD,8787,1.00000,0.00000,,,,<LOD,9366,1.00000,0.00000,,,,<LOD,13865,1.00000,0.00000,,,,<LOD,29106,1.00000,0.00000,,,,<LOD,95,1.00000,0.00000,,,,<LOD,26,1.00000,0.00000,,,,<LOD,50,1.00000,0.00000,,,,75,6,1.00000,0.00000,,,,<LOD,96,1.00000,0.00000,,,,74,10,1.00000,0.00000,,,,<LOD,28,1.00000,0.00000,,,,659020,1509,1.00000,0.00000,C_A5_S,10,20,20,
820926,47,2024-04-22,18:49:35,Geochem(3-Beam),,47,No,,,PPM,,,,<LOD,36020,1.00000,0.00000,,,,46152,929,1.00000,0.00000,,,,192613,1075,1.00000,0.00000,,,,3668,101,1.00000,0.00000,,,,1109,68,1.00000,0.00000,,,,<LOD,1203,1.00000,0.00000,,,,14204,108,1.00000,0.00000,,,,7050,325,1.00000,0.00000,,,,<LOD,377,1.00000,0.00000,,,,<LOD,199,1.00000,0.00000,,,,651,44,1.00000,0.00000,,,,31168,267,1.00000,0.00000,,,,<LOD,263,1.00000,0.00000,,,,35,9,1.00000,0.00000,,,,94,10,1.00000,0.00000,,,,112,8,1.00000,0.00000,,,,25,5,1.00000,0.00000,,,,<LOD,7,1.00000,0.00000,,,,104,3,1.00000,0.00000,,,,200,4,1.00000,0.00000,,,,40,3,1.00000,0.00000,,,,530,7,1.00000,0.00000,,,,34,3,1.00000,0.00000,,,,<LOD,17,1.00000,0.00000,,,,<LOD,0,1.00000,0.00000,,,,<LOD,74,1.00000,0.00000,,,,<LOD,85,1.00000,0.00000,,,,<LOD,114,1.00000,0.00000,,,,89,16,1.00000,0.00000,,,,<LOD,6926,1.00000,0.00000,,,,<LOD,7445,1.00000,0.00000,,,,<LOD,11224,1.00000,0.00000,,,,<LOD,22855,1.00000,0.00000,,,,64,17,1.00000,0.00000,,,,<LOD,22,1.00000,0.00000,,,,<LOD,42,1.00000,0.00000,,,,81,5,1.00000,0.00000,,,,<LOD,81,1.00000,0.00000,,,,43,8,1.00000,0.00000,,,,<LOD,25,1.00000,0.00000,,,,701934,1270,1.00000,0.00000,C_B3_S,10,20,20,
820926,48,2024-04-22,18:58:34,Geochem(3-Beam),,48,No,,,PPM,,,,<LOD,56704,1.00000,0.00000,,,,62914,2172,1.00000,0.00000,,,,296747,2892,1.00000,0.00000,,,,12788,385,1.00000,0.00000,,,,6965,284,1.00000,0.00000,,,,<LOD,1921,1.00000,0.00000,,,,105020,1165,1.00000,0.00000,,,,15255,1041,1.00000,0.00000,,,,<LOD,1130,1.00000,0.00000,,,,<LOD,589,1.00000,0.00000,,,,2082,170,1.00000,0.00000,,,,70224,1012,1.00000,0.00000,,,,<LOD,732,1.00000,0.00000,,,,<LOD,135,1.00000,0.00000,,,,3369,113,1.00000,0.00000,,,,869,51,1.00000,0.00000,,,,101,17,1.00000,0.00000,,,,<LOD,23,1.00000,0.00000,,,,67,7,1.00000,0.00000,,,,160,9,1.00000,0.00000,,,,37,7,1.00000,0.00000,,,,118,10,1.00000,0.00000,,,,38,8,1.00000,0.00000,,,,<LOD,37,1.00000,0.00000,,,,15,4,1.00000,0.00000,,,,<LOD,155,1.00000,0.00000,,,,<LOD,168,1.00000,0.00000,,,,<LOD,222,1.00000,0.00000,,,,<LOD,12232,1.00000,0.00000,,,,<LOD,21998,1.00000,0.00000,,,,<LOD,22693,1.00000,0.00000,,,,<LOD,32428,1.00000,0.00000,,,,<LOD,64349,1.00000,0.00000,,,,<LOD,256,1.00000,0.00000,,,,<LOD,62,1.00000,0.00000,,,,<LOD,126,1.00000,0.00000,,,,130,18,1.00000,0.00000,,,,<LOD,198,1.00000,0.00000,,,,112,25,1.00000,0.00000,,,,<LOD,65,1.00000,0.00000,,,,422990,3669,1.00000,0.00000,A_A3_C,10,20,20,
820926,49,2024-04-22,19:00:50,Geochem(3-Beam),,49,No,,,PPM,,,,<LOD,34660,1.00000,0.00000,,,,40644,847,1.00000,0.00000,,,,184572,982,1.00000,0.00000,,,,2805,86,1.00000,0.00000,,,,938,60,1.00000,0.00000,,,,<LOD,1171,1.00000,0.00000,,,,12365,91,1.00000,0.00000,,,,6803,294,1.00000,0.00000,,,,<LOD,313,1.00000,0.00000,,,,<LOD,174,1.00000,0.00000,,,,578,39,1.00000,0.00000,,,,26688,225,1.00000,0.00000,,,,139,46,1.00000,0.00000,,,,37,8,1.00000,0.00000,,,,99,9,1.00000,0.00000,,,,86,7,1.00000,0.00000,,,,14,4,1.00000,0.00000,,,,<LOD,6,1.00000,0.00000,,,,89,3,1.00000,0.00000,,,,191,4,1.00000,0.00000,,,,38,3,1.00000,0.00000,,,,543,6,1.00000,0.00000,,,,31,3,1.00000,0.00000,,,,<LOD,16,1.00000,0.00000,,,,<LOD,0,1.00000,0.00000,,,,<LOD,71,1.00000,0.00000,,,,<LOD,82,1.00000,0.00000,,,,<LOD,110,1.00000,0.00000,,,,112,17,1.00000,0.00000,,,,<LOD,6537,1.00000,0.00000,,,,<LOD,6873,1.00000,0.00000,,,,<LOD,10306,1.00000,0.00000,,,,<LOD,21490,1.00000,0.00000,,,,<LOD,71,1.00000,0.00000,,,,<LOD,20,1.00000,0.00000,,,,<LOD,36,1.00000,0.00000,,,,56,4,1.00000,0.00000,,,,<LOD,76,1.00000,0.00000,,,,43,7,1.00000,0.00000,,,,<LOD,23,1.00000,0.00000,,,,723129,1165,1.00000,0.00000,D_B1_S,10,20,20,
820926,50,2024-04-22,19:03:50,Geochem(3-Beam),,50,No,,,PPM,,,,<LOD,35111,1.00000,0.00000,,,,44394,939,1.00000,0.00000,,,,201643,1125,1.00000,0.00000,,,,3955,106,1.00000,0.00000,,,,996,71,1.00000,0.00000,,,,<LOD,1162,1.00000,0.00000,,,,15970,120,1.00000,0.00000,,,,7576,344,1.00000,0.00000,,,,<LOD,359,1.00000,0.00000,,,,<LOD,201,1.00000,0.00000,,,,704,46,1.00000,0.00000,,,,31521,275,1.00000,0.00000,,,,<LOD,269,1.00000,0.00000,,,,61,11,1.00000,0.00000,,,,169,12,1.00000,0.00000,,,,129,9,1.00000,0.00000,,,,19,5,1.00000,0.00000,,,,<LOD,7,1.00000,0.00000,,,,103,3,1.00000,0.00000,,,,215,4,1.00000,0.00000,,,,40,3,1.00000,0.00000,,,,671,8,1.00000,0.00000,,,,34,3,1.00000,0.00000,,,,<LOD,18,1.00000,0.00000,,,,<LOD,0,1.00000,0.00000,,,,<LOD,75,1.00000,0.00000,,,,<LOD,86,1.00000,0.00000,,,,<LOD,114,1.00000,0.00000,,,,128,16,1.00000,0.00000,,,,<LOD,7624,1.00000,0.00000,,,,<LOD,8278,1.00000,0.00000,,,,<LOD,12254,1.00000,0.00000,,,,<LOD,24742,1.00000,0.00000,,,,49,16,1.00000,0.00000,,,,<LOD,20,1.00000,0.00000,,,,<LOD,41,1.00000,0.00000,,,,75,5,1.00000,0.00000,,,,<LOD,85,1.00000,0.00000,,,,52,8,1.00000,0.00000,,,,16,4,1.00000,0.00000,,,,691481,1310,1.00000,0.00000,D_C2_S,10,20,20,
820926,51,2024-04-22,19:07:46,Geochem(3-Beam),,51,No,,,PPM,,,,<LOD,88777,1.00000,0.00000,,,,20304,1950,1.00000,0.00000,,,,71275,1158,1.00000,0.00000,,,,8007,248,1.00000,0.00000,,,,4666,187,1.00000,0.00000,,,,2758,224,1.00000,0.00000,,,,82521,961,1.00000,0.00000,,,,7861,640,1.00000,0.00000,,,,<LOD,748,1.00000,0.00000,,,,<LOD,451,1.00000,0.00000,,,,1507,116,1.00000,0.00000,,,,28794,498,1.00000,0.00000,,,,<LOD,432,1.00000,0.00000,,,,<LOD,97,1.00000,0.00000,,,,813,43,1.00000,0.00000,,,,676,34,1.00000,0.00000,,,,<LOD,39,1.00000,0.00000,,,,<LOD,18,1.00000,0.00000,,,,19,4,1.00000,0.00000,,,,94,5,1.00000,0.00000,,,,28,5,1.00000,0.00000,,,,76,6,1.00000,0.00000,,,,34,6,1.00000,0.00000,,,,<LOD,32,1.00000,0.00000,,,,<LOD,0,1.00000,0.00000,,,,<LOD,138,1.00000,0.00000,,,,<LOD,150,1.00000,0.00000,,,,<LOD,199,1.00000,0.00000,,,,<LOD,9728,1.00000,0.00000,,,,<LOD,17481,1.00000,0.00000,,,,<LOD,18664,1.00000,0.00000,,,,<LOD,26670,1.00000,0.00000,,,,<LOD,56815,1.00000,0.00000,,,,<LOD,212,1.00000,0.00000,,,,<LOD,49,1.00000,0.00000,,,,<LOD,109,1.00000,0.00000,,,,61,10,1.00000,0.00000,,,,<LOD,176,1.00000,0.00000,,,,101,17,1.00000,0.00000,,,,26,8,1.00000,0.00000,,,,770379,2201,1.00000,0.00000,B_B3_C,10,20,20,
820926,52,2024-04-22,19:11:46,Geochem(3-Beam),,52,No,,,PPM,,,,<LOD,35672,1.00000,0.00000,,,,41112,871,1.00000,0.00000,,,,183779,1004,1.00000,0.00000,,,,3499,93,1.00000,0.00000,,,,1271,63,1.00000,0.00000,,,,<LOD,1189,1.00000,0.00000,,,,13752,101,1.00000,0.00000,,,,5654,293,1.00000,0.00000,,,,<LOD,342,1.00000,0.00000,,,,<LOD,174,1.00000,0.00000,,,,647,41,1.00000,0.00000,,,,30515,252,1.00000,0.00000,,,,<LOD,251,1.00000,0.00000,,,,53,9,1.00000,0.00000,,,,109,10,1.00000,0.00000,,,,121,8,1.00000,0.00000,,,,28,5,1.00000,0.00000,,,,<LOD,6,1.00000,0.00000,,,,94,3,1.00000,0.00000,,,,190,4,1.00000,0.00000,,,,36,3,1.00000,0.00000,,,,465,6,1.00000,0.00000,,,,23,3,1.00000,0.00000,,,,10,3,1.00000,0.00000,,,,<LOD,0,1.00000,0.00000,,,,<LOD,72,1.00000,0.00000,,,,<LOD,81,1.00000,0.00000,,,,<LOD,110,1.00000,0.00000,,,,128,17,1.00000,0.00000,,,,<LOD,6817,1.00000,0.00000,,,,<LOD,7278,1.00000,0.00000,,,,<LOD,10717,1.00000,0.00000,,,,<LOD,22828,1.00000,0.00000,,,,<LOD,74,1.00000,0.00000,,,,<LOD,19,1.00000,0.00000,,,,<LOD,39,1.00000,0.00000,,,,78,5,1.00000,0.00000,,,,<LOD,77,1.00000,0.00000,,,,44,8,1.00000,0.00000,,,,<LOD,23,1.00000,0.00000,,,,718393,1193,1.00000,0.00000,C_A4_S,10,20,20,
820926,53,2024-04-22,19:15:23,Geochem(3-Beam),,53,No,,,PPM,,,,<LOD,35730,1.00000,0.00000,,,,43629,912,1.00000,0.00000,,,,186916,1054,1.00000,0.00000,,,,4349,104,1.00000,0.00000,,,,1407,68,1.00000,0.00000,,,,<LOD,1190,1.00000,0.00000,,,,15221,113,1.00000,0.00000,,,,6630,312,1.00000,0.00000,,,,<LOD,335,1.00000,0.00000,,,,<LOD,197,1.00000,0.00000,,,,799,47,1.00000,0.00000,,,,33526,279,1.00000,0.00000,,,,<LOD,273,1.00000,0.00000,,,,53,10,1.00000,0.00000,,,,161,11,1.00000,0.00000,,,,180,10,1.00000,0.00000,,,,30,5,1.00000,0.00000,,,,<LOD,7,1.00000,0.00000,,,,105,3,1.00000,0.00000,,,,188,4,1.00000,0.00000,,,,46,3,1.00000,0.00000,,,,547,7,1.00000,0.00000,,,,31,3,1.00000,0.00000,,,,<LOD,17,1.00000,0.00000,,,,11,3,1.00000,0.00000,,,,<LOD,73,1.00000,0.00000,,,,<LOD,83,1.00000,0.00000,,,,<LOD,111,1.00000,0.00000,,,,88,16,1.00000,0.00000,,,,<LOD,7292,1.00000,0.00000,,,,<LOD,7591,1.00000,0.00000,,,,<LOD,11446,1.00000,0.00000,,,,<LOD,24313,1.00000,0.00000,,,,<LOD,78,1.00000,0.00000,,,,<LOD,21,1.00000,0.00000,,,,<LOD,40,1.00000,0.00000,,,,88,6,1.00000,0.00000,,,,<LOD,81,1.00000,0.00000,,,,55,8,1.00000,0.00000,,,,<LOD,25,1.00000,0.00000,,,,705937,1250,1.00000,0.00000,C_A3_S,10,20,20,
820926,54,2024-04-22,19:18:06,Geochem(3-Beam),,54,No,,,PPM,,,,<LOD,55908,1.00000,0.00000,,,,49931,1527,1.00000,0.00000,,,,211499,1754,1.00000,0.00000,,,,5807,199,1.00000,0.00000,,,,2656,148,1.00000,0.00000,,,,<LOD,1918,1.00000,0.00000,,,,37800,368,1.00000,0.00000,,,,9109,562,1.00000,0.00000,,,,<LOD,605,1.00000,0.00000,,,,<LOD,341,1.00000,0.00000,,,,1020,83,1.00000,0.00000,,,,40689,497,1.00000,0.00000,,,,<LOD,441,1.00000,0.00000,,,,84,20,1.00000,0.00000,,,,970,40,1.00000,0.00000,,,,409,23,1.00000,0.00000,,,,26,8,1.00000,0.00000,,,,<LOD,13,1.00000,0.00000,,,,47,4,1.00000,0.00000,,,,103,5,1.00000,0.00000,,,,33,4,1.00000,0.00000,,,,166,6,1.00000,0.00000,,,,36,5,1.00000,0.00000,,,,<LOD,25,1.00000,0.00000,,,,<LOD,0,1.00000,0.00000,,,,<LOD,108,1.00000,0.00000,,,,<LOD,117,1.00000,0.00000,,,,<LOD,155,1.00000,0.00000,,,,<LOD,7843,1.00000,0.00000,,,,<LOD,13868,1.00000,0.00000,,,,<LOD,14286,1.00000,0.00000,,,,<LOD,21875,1.00000,0.00000,,,,<LOD,46805,1.00000,0.00000,,,,<LOD,151,1.00000,0.00000,,,,<LOD,39,1.00000,0.00000,,,,<LOD,74,1.00000,0.00000,,,,80,9,1.00000,0.00000,,,,<LOD,134,1.00000,0.00000,,,,105,14,1.00000,0.00000,,,,28,7,1.00000,0.00000,,,,639401,2079,1.00000,0.00000,B_B2_C,10,20,20,
820926,55,2024-04-22,19:20:08,Geochem(3-Beam),,55,No,,,PPM,,,,<LOD,30776,1.00000,0.00000,,,,56046,1029,1.00000,0.00000,,,,248378,1344,1.00000,0.00000,,,,4446,120,1.00000,0.00000,,,,603,79,1.00000,0.00000,,,,<LOD,1031,1.00000,0.00000,,,,19415,148,1.00000,0.00000,,,,8946,390,1.00000,0.00000,,,,<LOD,438,1.00000,0.00000,,,,<LOD,220,1.00000,0.00000,,,,970,57,1.00000,0.00000,,,,51728,414,1.00000,0.00000,,,,<LOD,366,1.00000,0.00000,,,,61,12,1.00000,0.00000,,,,184,14,1.00000,0.00000,,,,204,12,1.00000,0.00000,,,,<LOD,26,1.00000,0.00000,,,,<LOD,8,1.00000,0.00000,,,,116,4,1.00000,0.00000,,,,241,5,1.00000,0.00000,,,,58,4,1.00000,0.00000,,,,560,8,1.00000,0.00000,,,,40,4,1.00000,0.00000,,,,<LOD,18,1.00000,0.00000,,,,<LOD,0,1.00000,0.00000,,,,<LOD,76,1.00000,0.00000,,,,<LOD,86,1.00000,0.00000,,,,<LOD,115,1.00000,0.00000,,,,103,17,1.00000,0.00000,,,,<LOD,8512,1.00000,0.00000,,,,<LOD,9074,1.00000,0.00000,,,,<LOD,13259,1.00000,0.00000,,,,<LOD,28046,1.00000,0.00000,,,,<LOD,84,1.00000,0.00000,,,,<LOD,24,1.00000,0.00000,,,,<LOD,45,1.00000,0.00000,,,,128,8,1.00000,0.00000,,,,<LOD,89,1.00000,0.00000,,,,72,10,1.00000,0.00000,,,,20,5,1.00000,0.00000,,,,607682,1518,1.00000,0.00000,C_A4_C,10,20,20,
820926,56,2024-04-22,19:22:03,Geochem(3-Beam),,56,No,,,PPM,,,,<LOD,36868,1.00000,0.00000,,,,52030,1069,1.00000,0.00000,,,,218351,1297,1.00000,0.00000,,,,3491,115,1.00000,0.00000,,,,1157,82,1.00000,0.00000,,,,<LOD,1244,1.00000,0.00000,,,,16475,136,1.00000,0.00000,,,,7210,379,1.00000,0.00000,,,,<LOD,424,1.00000,0.00000,,,,<LOD,235,1.00000,0.00000,,,,781,53,1.00000,0.00000,,,,44103,381,1.00000,0.00000,,,,<LOD,344,1.00000,0.00000,,,,73,13,1.00000,0.00000,,,,172,14,1.00000,0.00000,,,,161,11,1.00000,0.00000,,,,41,6,1.00000,0.00000,,,,<LOD,8,1.00000,0.00000,,,,126,4,1.00000,0.00000,,,,234,5,1.00000,0.00000,,,,54,4,1.00000,0.00000,,,,516,8,1.00000,0.00000,,,,39,4,1.00000,0.00000,,,,<LOD,19,1.00000,0.00000,,,,<LOD,0,1.00000,0.00000,,,,<LOD,79,1.00000,0.00000,,,,<LOD,89,1.00000,0.00000,,,,<LOD,118,1.00000,0.00000,,,,103,15,1.00000,0.00000,,,,<LOD,9118,1.00000,0.00000,,,,<LOD,9588,1.00000,0.00000,,,,<LOD,14583,1.00000,0.00000,,,,<LOD,30389,1.00000,0.00000,,,,78,20,1.00000,0.00000,,,,<LOD,22,1.00000,0.00000,,,,<LOD,45,1.00000,0.00000,,,,96,7,1.00000,0.00000,,,,<LOD,92,1.00000,0.00000,,,,68,10,1.00000,0.00000,,,,<LOD,28,1.00000,0.00000,,,,654641,1498,1.00000,0.00000,C_A5_C,10,20,20,
820926,57,2024-04-22,19:23:39,Geochem(3-Beam),,57,No,,,PPM,,,,<LOD,32742,1.00000,0.00000,,,,41763,831,1.00000,0.00000,,,,190898,985,1.00000,0.00000,,,,3498,89,1.00000,0.00000,,,,797,60,1.00000,0.00000,,,,<LOD,1098,1.00000,0.00000,,,,11530,85,1.00000,0.00000,,,,5506,274,1.00000,0.00000,,,,<LOD,313,1.00000,0.00000,,,,<LOD,177,1.00000,0.00000,,,,492,36,1.00000,0.00000,,,,30109,240,1.00000,0.00000,,,,<LOD,239,1.00000,0.00000,,,,52,9,1.00000,0.00000,,,,107,9,1.00000,0.00000,,,,112,7,1.00000,0.00000,,,,22,4,1.00000,0.00000,,,,<LOD,6,1.00000,0.00000,,,,88,3,1.00000,0.00000,,,,182,3,1.00000,0.00000,,,,37,2,1.00000,0.00000,,,,429,5,1.00000,0.00000,,,,27,3,1.00000,0.00000,,,,<LOD,15,1.00000,0.00000,,,,<LOD,0,1.00000,0.00000,,,,<LOD,70,1.00000,0.00000,,,,<LOD,81,1.00000,0.00000,,,,<LOD,110,1.00000,0.00000,,,,104,17,1.00000,0.00000,,,,<LOD,6518,1.00000,0.00000,,,,<LOD,6928,1.00000,0.00000,,,,<LOD,10358,1.00000,0.00000,,,,<LOD,21428,1.00000,0.00000,,,,<LOD,70,1.00000,0.00000,,,,<LOD,20,1.00000,0.00000,,,,<LOD,36,1.00000,0.00000,,,,74,5,1.00000,0.00000,,,,<LOD,74,1.00000,0.00000,,,,41,7,1.00000,0.00000,,,,<LOD,22,1.00000,0.00000,,,,714130,1155,1.00000,0.00000,C_A6_C,10,20,20,
820926,58,2024-04-22,19:25:20,Geochem(3-Beam),,58,No,,,PPM,,,,<LOD,34979,1.00000,0.00000,,,,44914,935,1.00000,0.00000,,,,202263,1116,1.00000,0.00000,,,,3575,102,1.00000,0.00000,,,,824,69,1.00000,0.00000,,,,<LOD,1188,1.00000,0.00000,,,,14693,112,1.00000,0.00000,,,,6113,315,1.00000,0.00000,,,,<LOD,337,1.00000,0.00000,,,,<LOD,204,1.00000,0.00000,,,,573,43,1.00000,0.00000,,,,31313,270,1.00000,0.00000,,,,<LOD,270,1.00000,0.00000,,,,77,11,1.00000,0.00000,,,,172,12,1.00000,0.00000,,,,136,9,1.00000,0.00000,,,,27,5,1.00000,0.00000,,,,<LOD,7,1.00000,0.00000,,,,107,3,1.00000,0.00000,,,,209,4,1.00000,0.00000,,,,42,3,1.00000,0.00000,,,,545,7,1.00000,0.00000,,,,31,3,1.00000,0.00000,,,,<LOD,17,1.00000,0.00000,,,,14,3,1.00000,0.00000,,,,<LOD,75,1.00000,0.00000,,,,<LOD,86,1.00000,0.00000,,,,<LOD,116,1.00000,0.00000,,,,112,16,1.00000,0.00000,,,,<LOD,7326,1.00000,0.00000,,,,<LOD,7965,1.00000,0.00000,,,,<LOD,11670,1.00000,0.00000,,,,<LOD,24228,1.00000,0.00000,,,,<LOD,76,1.00000,0.00000,,,,<LOD,21,1.00000,0.00000,,,,<LOD,41,1.00000,0.00000,,,,75,5,1.00000,0.00000,,,,<LOD,85,1.00000,0.00000,,,,63,8,1.00000,0.00000,,,,<LOD,26,1.00000,0.00000,,,,694122,1298,1.00000,0.00000,C_B5_C,10,20,20,
820926,59,2024-04-22,19:27:04,Geochem(3-Beam),,59,No,,,PPM,,,,<LOD,33725,1.00000,0.00000,,,,39152,823,1.00000,0.00000,,,,176829,951,1.00000,0.00000,,,,3455,88,1.00000,0.00000,,,,1412,60,1.00000,0.00000,,,,<LOD,1134,1.00000,0.00000,,,,13929,98,1.00000,0.00000,,,,5823,279,1.00000,0.00000,,,,<LOD,294,1.00000,0.00000,,,,<LOD,178,1.00000,0.00000,,,,666,40,1.00000,0.00000,,,,31603,249,1.00000,0.00000,,,,<LOD,248,1.00000,0.00000,,,,42,9,1.00000,0.00000,,,,147,10,1.00000,0.00000,,,,160,9,1.00000,0.00000,,,,20,5,1.00000,0.00000,,,,<LOD,6,1.00000,0.00000,,,,84,3,1.00000,0.00000,,,,178,3,1.00000,0.00000,,,,31,2,1.00000,0.00000,,,,467,6,1.00000,0.00000,,,,25,3,1.00000,0.00000,,,,<LOD,15,1.00000,0.00000,,,,16,3,1.00000,0.00000,,,,<LOD,69,1.00000,0.00000,,,,<LOD,79,1.00000,0.00000,,,,<LOD,106,1.00000,0.00000,,,,146,18,1.00000,0.00000,,,,<LOD,6129,1.00000,0.00000,,,,<LOD,6646,1.00000,0.00000,,,,<LOD,9748,1.00000,0.00000,,,,<LOD,20202,1.00000,0.00000,,,,<LOD,69,1.00000,0.00000,,,,<LOD,19,1.00000,0.00000,,,,<LOD,35,1.00000,0.00000,,,,107,5,1.00000,0.00000,,,,<LOD,72,1.00000,0.00000,,,,32,7,1.00000,0.00000,,,,<LOD,22,1.00000,0.00000,,,,725677,1134,1.00000,0.00000,C_A1_S,10,20,20,
820926,60,2024-04-22,19:29:21,Geochem(3-Beam),,60,No,,,PPM,,,,<LOD,36932,1.00000,0.00000,,,,43345,958,1.00000,0.00000,,,,204043,1152,1.00000,0.00000,,,,3588,106,1.00000,0.00000,,,,1059,73,1.00000,0.00000,,,,<LOD,1234,1.00000,0.00000,,,,14333,113,1.00000,0.00000,,,,6772,337,1.00000,0.00000,,,,<LOD,389,1.00000,0.00000,,,,<LOD,197,1.00000,0.00000,,,,624,45,1.00000,0.00000,,,,30290,272,1.00000,0.00000,,,,<LOD,268,1.00000,0.00000,,,,33,10,1.00000,0.00000,,,,146,12,1.00000,0.00000,,,,128,9,1.00000,0.00000,,,,28,5,1.00000,0.00000,,,,<LOD,7,1.00000,0.00000,,,,99,3,1.00000,0.00000,,,,198,4,1.00000,0.00000,,,,43,3,1.00000,0.00000,,,,612,7,1.00000,0.00000,,,,28,3,1.00000,0.00000,,,,<LOD,18,1.00000,0.00000,,,,<LOD,0,1.00000,0.00000,,,,<LOD,78,1.00000,0.00000,,,,<LOD,87,1.00000,0.00000,,,,<LOD,117,1.00000,0.00000,,,,93,15,1.00000,0.00000,,,,<LOD,8139,1.00000,0.00000,,,,<LOD,8613,1.00000,0.00000,,,,<LOD,12708,1.00000,0.00000,,,,<LOD,26902,1.00000,0.00000,,,,<LOD,79,1.00000,0.00000,,,,<LOD,23,1.00000,0.00000,,,,<LOD,41,1.00000,0.00000,,,,61,5,1.00000,0.00000,,,,<LOD,87,1.00000,0.00000,,,,55,8,1.00000,0.00000,,,,13,4,1.00000,0.00000,,,,694405,1337,1.00000,0.00000,D_B2_S,10,20,20,
820926,61,2024-04-22,19:31:13,Geochem(3-Beam),,61,No,,,PPM,,,,<LOD,33369,1.00000,0.00000,,,,43213,835,1.00000,0.00000,,,,172015,926,1.00000,0.00000,,,,3531,87,1.00000,0.00000,,,,1019,59,1.00000,0.00000,,,,<LOD,1106,1.00000,0.00000,,,,13912,97,1.00000,0.00000,,,,5945,275,1.00000,0.00000,,,,<LOD,313,1.00000,0.00000,,,,<LOD,164,1.00000,0.00000,,,,639,39,1.00000,0.00000,,,,32511,251,1.00000,0.00000,,,,<LOD,247,1.00000,0.00000,,,,30,8,1.00000,0.00000,,,,91,9,1.00000,0.00000,,,,141,8,1.00000,0.00000,,,,21,5,1.00000,0.00000,,,,<LOD,6,1.00000,0.00000,,,,87,3,1.00000,0.00000,,,,194,4,1.00000,0.00000,,,,35,2,1.00000,0.00000,,,,399,5,1.00000,0.00000,,,,24,3,1.00000,0.00000,,,,<LOD,15,1.00000,0.00000,,,,<LOD,0,1.00000,0.00000,,,,<LOD,69,1.00000,0.00000,,,,<LOD,80,1.00000,0.00000,,,,<LOD,107,1.00000,0.00000,,,,121,18,1.00000,0.00000,,,,<LOD,6001,1.00000,0.00000,,,,<LOD,6376,1.00000,0.00000,,,,<LOD,9547,1.00000,0.00000,,,,<LOD,20404,1.00000,0.00000,,,,<LOD,65,1.00000,0.00000,,,,<LOD,17,1.00000,0.00000,,,,<LOD,34,1.00000,0.00000,,,,94,5,1.00000,0.00000,,,,<LOD,70,1.00000,0.00000,,,,26,7,1.00000,0.00000,,,,<LOD,21,1.00000,0.00000,,,,725950,1122,1.00000,0.00000,C_A7_S,10,20,20,
820926,62,2024-04-22,19:33:30,Geochem(3-Beam),,62,No,,,PPM,,,,<LOD,34460,1.00000,0.00000,,,,40944,867,1.00000,0.00000,,,,193647,1045,1.00000,0.00000,,,,3128,92,1.00000,0.00000,,,,1032,63,1.00000,0.00000,,,,<LOD,1146,1.00000,0.00000,,,,12389,94,1.00000,0.00000,,,,6815,306,1.00000,0.00000,,,,<LOD,339,1.00000,0.00000,,,,<LOD,183,1.00000,0.00000,,,,666,42,1.00000,0.00000,,,,33512,271,1.00000,0.00000,,,,<LOD,265,1.00000,0.00000,,,,31,9,1.00000,0.00000,,,,97,9,1.00000,0.00000,,,,108,8,1.00000,0.00000,,,,<LOD,21,1.00000,0.00000,,,,<LOD,7,1.00000,0.00000,,,,85,3,1.00000,0.00000,,,,198,4,1.00000,0.00000,,,,35,3,1.00000,0.00000,,,,443,6,1.00000,0.00000,,,,24,3,1.00000,0.00000,,,,<LOD,16,1.00000,0.00000,,,,<LOD,0,1.00000,0.00000,,,,<LOD,72,1.00000,0.00000,,,,<LOD,83,1.00000,0.00000,,,,<LOD,112,1.00000,0.00000,,,,128,17,1.00000,0.00000,,,,<LOD,6707,1.00000,0.00000,,,,<LOD,7067,1.00000,0.00000,,,,<LOD,10591,1.00000,0.00000,,,,<LOD,22532,1.00000,0.00000,,,,<LOD,70,1.00000,0.00000,,,,<LOD,18,1.00000,0.00000,,,,<LOD,36,1.00000,0.00000,,,,87,5,1.00000,0.00000,,,,<LOD,75,1.00000,0.00000,,,,31,8,1.00000,0.00000,,,,14,4,1.00000,0.00000,,,,706586,1221,1.00000,0.00000,C_A1_C,10,20,20,
820926,63,2024-04-22,19:38:33,Geochem(3-Beam),,63,No,,,PPM,,,,<LOD,34017,1.00000,0.00000,,,,45827,847,1.00000,0.00000,,,,183805,941,1.00000,0.00000,,,,2782,83,1.00000,0.00000,,,,486,55,1.00000,0.00000,,,,<LOD,1129,1.00000,0.00000,,,,9945,76,1.00000,0.00000,,,,5361,276,1.00000,0.00000,,,,<LOD,285,1.00000,0.00000,,,,<LOD,166,1.00000,0.00000,,,,359,32,1.00000,0.00000,,,,22393,193,1.00000,0.00000,,,,<LOD,200,1.00000,0.00000,,,,28,8,1.00000,0.00000,,,,78,8,1.00000,0.00000,,,,55,6,1.00000,0.00000,,,,19,3,1.00000,0.00000,,,,<LOD,6,1.00000,0.00000,,,,99,3,1.00000,0.00000,,,,177,3,1.00000,0.00000,,,,28,2,1.00000,0.00000,,,,590,6,1.00000,0.00000,,,,25,2,1.00000,0.00000,,,,<LOD,16,1.00000,0.00000,,,,10,3,1.00000,0.00000,,,,<LOD,70,1.00000,0.00000,,,,<LOD,82,1.00000,0.00000,,,,<LOD,111,1.00000,0.00000,,,,163,18,1.00000,0.00000,,,,<LOD,5945,1.00000,0.00000,,,,<LOD,6463,1.00000,0.00000,,,,<LOD,9647,1.00000,0.00000,,,,<LOD,20500,1.00000,0.00000,,,,<LOD,66,1.00000,0.00000,,,,<LOD,18,1.00000,0.00000,,,,<LOD,34,1.00000,0.00000,,,,32,4,1.00000,0.00000,,,,<LOD,72,1.00000,0.00000,,,,31,7,1.00000,0.00000,,,,<LOD,21,1.00000,0.00000,,,,727710,1131,1.00000,0.00000,D_B1_C,10,20,20,
820926,64,2024-04-22,19:43:42,Geochem(3-Beam),,64,No,,,PPM,,,,<LOD,31067,1.00000,0.00000,,,,43210,898,1.00000,0.00000,,,,228261,1182,1.00000,0.00000,,,,3486,101,1.00000,0.00000,,,,614,67,1.00000,0.00000,,,,<LOD,1039,1.00000,0.00000,,,,13221,103,1.00000,0.00000,,,,9228,361,1.00000,0.00000,,,,<LOD,382,1.00000,0.00000,,,,<LOD,203,1.00000,0.00000,,,,753,47,1.00000,0.00000,,,,35501,294,1.00000,0.00000,,,,<LOD,281,1.00000,0.00000,,,,<LOD,39,1.00000,0.00000,,,,78,10,1.00000,0.00000,,,,122,9,1.00000,0.00000,,,,<LOD,18,1.00000,0.00000,,,,<LOD,7,1.00000,0.00000,,,,90,3,1.00000,0.00000,,,,205,4,1.00000,0.00000,,,,35,3,1.00000,0.00000,,,,600,7,1.00000,0.00000,,,,36,3,1.00000,0.00000,,,,<LOD,17,1.00000,0.00000,,,,<LOD,0,1.00000,0.00000,,,,<LOD,75,1.00000,0.00000,,,,<LOD,86,1.00000,0.00000,,,,<LOD,116,1.00000,0.00000,,,,97,17,1.00000,0.00000,,,,<LOD,7462,1.00000,0.00000,,,,<LOD,7767,1.00000,0.00000,,,,<LOD,11626,1.00000,0.00000,,,,<LOD,23988,1.00000,0.00000,,,,65,18,1.00000,0.00000,,,,<LOD,22,1.00000,0.00000,,,,<LOD,43,1.00000,0.00000,,,,45,5,1.00000,0.00000,,,,<LOD,82,1.00000,0.00000,,,,54,8,1.00000,0.00000,,,,<LOD,24,1.00000,0.00000,,,,664298,1331,1.00000,0.00000,B_A1_C,10,20,20,
820926,65,2024-04-22,19:46:52,Geochem(3-Beam),,65,No,,,PPM,,,,<LOD,35476,1.00000,0.00000,,,,42231,843,1.00000,0.00000,,,,172424,935,1.00000,0.00000,,,,3146,86,1.00000,0.00000,,,,806,57,1.00000,0.00000,,,,<LOD,1167,1.00000,0.00000,,,,12149,89,1.00000,0.00000,,,,6282,280,1.00000,0.00000,,,,<LOD,307,1.00000,0.00000,,,,<LOD,169,1.00000,0.00000,,,,673,40,1.00000,0.00000,,,,28210,230,1.00000,0.00000,,,,<LOD,234,1.00000,0.00000,,,,35,8,1.00000,0.00000,,,,88,9,1.00000,0.00000,,,,105,7,1.00000,0.00000,,,,27,4,1.00000,0.00000,,,,<LOD,6,1.00000,0.00000,,,,87,3,1.00000,0.00000,,,,171,3,1.00000,0.00000,,,,42,3,1.00000,0.00000,,,,532,6,1.00000,0.00000,,,,27,3,1.00000,0.00000,,,,<LOD,16,1.00000,0.00000,,,,<LOD,0,1.00000,0.00000,,,,<LOD,71,1.00000,0.00000,,,,<LOD,82,1.00000,0.00000,,,,<LOD,111,1.00000,0.00000,,,,102,18,1.00000,0.00000,,,,<LOD,6274,1.00000,0.00000,,,,<LOD,6572,1.00000,0.00000,,,,<LOD,9661,1.00000,0.00000,,,,<LOD,21280,1.00000,0.00000,,,,42,14,1.00000,0.00000,,,,<LOD,18,1.00000,0.00000,,,,<LOD,34,1.00000,0.00000,,,,63,4,1.00000,0.00000,,,,<LOD,73,1.00000,0.00000,,,,31,7,1.00000,0.00000,,,,<LOD,22,1.00000,0.00000,,,,732727,1133,1.00000,0.00000,C_A3_C,10,20,20,
820926,66,2024-04-22,19:51:35,Geochem(3-Beam),,66,No,,,PPM,,,,<LOD,33062,1.00000,0.00000,,,,42866,846,1.00000,0.00000,,,,189753,996,1.00000,0.00000,,,,3297,89,1.00000,0.00000,,,,1063,61,1.00000,0.00000,,,,<LOD,1114,1.00000,0.00000,,,,12297,90,1.00000,0.00000,,,,6538,292,1.00000,0.00000,,,,<LOD,310,1.00000,0.00000,,,,<LOD,174,1.00000,0.00000,,,,747,42,1.00000,0.00000,,,,31609,251,1.00000,0.00000,,,,<LOD,250,1.00000,0.00000,,,,28,8,1.00000,0.00000,,,,99,9,1.00000,0.00000,,,,119,8,1.00000,0.00000,,,,<LOD,20,1.00000,0.00000,,,,<LOD,6,1.00000,0.00000,,,,88,3,1.00000,0.00000,,,,192,4,1.00000,0.00000,,,,37,3,1.00000,0.00000,,,,429,6,1.00000,0.00000,,,,28,3,1.00000,0.00000,,,,11,3,1.00000,0.00000,,,,<LOD,0,1.00000,0.00000,,,,<LOD,70,1.00000,0.00000,,,,<LOD,81,1.00000,0.00000,,,,<LOD,109,1.00000,0.00000,,,,121,18,1.00000,0.00000,,,,<LOD,6211,1.00000,0.00000,,,,<LOD,6720,1.00000,0.00000,,,,<LOD,9987,1.00000,0.00000,,,,<LOD,20972,1.00000,0.00000,,,,<LOD,70,1.00000,0.00000,,,,<LOD,20,1.00000,0.00000,,,,<LOD,34,1.00000,0.00000,,,,88,5,1.00000,0.00000,,,,<LOD,74,1.00000,0.00000,,,,42,7,1.00000,0.00000,,,,<LOD,22,1.00000,0.00000,,,,710544,1172,1.00000,0.00000,C_A6_S,10,20,20,
820926,67,2024-04-22,19:55:55,Geochem(3-Beam),,67,No,,,PPM,,,,<LOD,35238,1.00000,0.00000,,,,50316,1026,1.00000,0.00000,,,,219055,1253,1.00000,0.00000,,,,4589,120,1.00000,0.00000,,,,1502,80,1.00000,0.00000,,,,<LOD,1175,1.00000,0.00000,,,,17773,139,1.00000,0.00000,,,,8698,376,1.00000,0.00000,,,,<LOD,402,1.00000,0.00000,,,,<LOD,219,1.00000,0.00000,,,,969,56,1.00000,0.00000,,,,37880,332,1.00000,0.00000,,,,<LOD,313,1.00000,0.00000,,,,50,11,1.00000,0.00000,,,,117,12,1.00000,0.00000,,,,168,11,1.00000,0.00000,,,,33,5,1.00000,0.00000,,,,<LOD,8,1.00000,0.00000,,,,106,4,1.00000,0.00000,,,,245,5,1.00000,0.00000,,,,53,3,1.00000,0.00000,,,,512,7,1.00000,0.00000,,,,36,3,1.00000,0.00000,,,,<LOD,19,1.00000,0.00000,,,,<LOD,0,1.00000,0.00000,,,,<LOD,79,1.00000,0.00000,,,,<LOD,90,1.00000,0.00000,,,,<LOD,119,1.00000,0.00000,,,,79,15,1.00000,0.00000,,,,<LOD,8522,1.00000,0.00000,,,,<LOD,9310,1.00000,0.00000,,,,<LOD,13465,1.00000,0.00000,,,,<LOD,28438,1.00000,0.00000,,,,<LOD,87,1.00000,0.00000,,,,<LOD,23,1.00000,0.00000,,,,<LOD,46,1.00000,0.00000,,,,63,6,1.00000,0.00000,,,,<LOD,91,1.00000,0.00000,,,,63,9,1.00000,0.00000,,,,<LOD,28,1.00000,0.00000,,,,657691,1442,1.00000,0.00000,C_B7_S,10,20,20,
820926,68,2024-04-22,20:00:54,Geochem(3-Beam),,68,No,,,PPM,,,,<LOD,64518,1.00000,0.00000,,,,30075,1590,1.00000,0.00000,,,,135227,1492,1.00000,0.00000,,,,5286,192,1.00000,0.00000,,,,4301,153,1.00000,0.00000,,,,1548,184,1.00000,0.00000,,,,32261,364,1.00000,0.00000,,,,46912,1105,1.00000,0.00000,,,,2102,285,1.00000,0.00000,,,,414,118,1.00000,0.00000,,,,1068,95,1.00000,0.00000,,,,32809,480,1.00000,0.00000,,,,<LOD,379,1.00000,0.00000,,,,<LOD,77,1.00000,0.00000,,,,1978,61,1.00000,0.00000,,,,528,28,1.00000,0.00000,,,,<LOD,37,1.00000,0.00000,,,,<LOD,13,1.00000,0.00000,,,,36,4,1.00000,0.00000,,,,86,5,1.00000,0.00000,,,,28,4,1.00000,0.00000,,,,96,6,1.00000,0.00000,,,,27,5,1.00000,0.00000,,,,24,6,1.00000,0.00000,,,,<LOD,0,1.00000,0.00000,,,,<LOD,108,1.00000,0.00000,,,,<LOD,116,1.00000,0.00000,,,,<LOD,155,1.00000,0.00000,,,,<LOD,7931,1.00000,0.00000,,,,<LOD,14561,1.00000,0.00000,,,,<LOD,15062,1.00000,0.00000,,,,<LOD,23362,1.00000,0.00000,,,,<LOD,49131,1.00000,0.00000,,,,<LOD,161,1.00000,0.00000,,,,<LOD,42,1.00000,0.00000,,,,<LOD,77,1.00000,0.00000,,,,106,11,1.00000,0.00000,,,,<LOD,135,1.00000,0.00000,,,,116,16,1.00000,0.00000,,,,<LOD,43,1.00000,0.00000,,,,704970,2121,1.00000,0.00000,B_A2_S,10,20,20,
